id,gloss,part_of_speech,created_at
1,moving in,noun,2026-08-28T15:27:38.173273+00:00
2,"change, variation, transformation",noun,2026-08-28T15:27:38.173273+00:00
3,"business, trade, commerce",noun,2026-08-28T15:27:38.173273+00:00
4,"hot (weather, air temperature)",adjective,2026-08-28T15:27:38.173273+00:00
5,"kind, gentle",adjective,2026-08-28T15:27:38.173273+00:00
6,"gray, grey",noun,2026-08-28T15:27:38.173273+00:00
7,return of goods,noun,2026-08-28T15:27:38.173273+00:00
8,"body (human body), the whole body",noun,2026-08-28T15:27:38.173273+00:00
9,"topic, subject of talk, hot topic",noun,2026-08-28T15:27:38.173273+00:00
10,"to exclude, to remove",verb,2026-08-28T15:27:38.173273+00:00
11,weekly publication,noun,2026-08-28T15:27:38.173273+00:00
12,"body, physique",noun,2026-08-28T15:27:38.173273+00:00
13,"dad, father (polite/familiar form)",noun,2026-08-28T15:27:38.173273+00:00
14,entrance ceremony (for starting school),noun,2026-08-28T15:27:38.173273+00:00
15,1000 yen,noun,2026-08-28T15:27:38.173273+00:00
16,bathroom,noun,2026-08-28T15:27:38.173273+00:00
17,"to buy, to purchase",verb,2026-08-28T15:27:38.173273+00:00
18,prepared side dish,noun,2026-08-28T15:27:38.173273+00:00
19,"meeting, conference, assembly",noun,2026-08-28T15:27:38.173273+00:00
20,channel,noun,2026-08-28T15:27:38.173273+00:00
21,"to hit, to strike, to beat",verb,2026-08-28T15:27:38.173273+00:00
22,"bedroom, sleeping room",noun,2026-08-28T15:27:38.173273+00:00
23,"notebook, planner, pocket diary",noun,2026-08-28T15:27:38.173273+00:00
24,congestion,noun,2026-08-28T15:27:38.173273+00:00
25,"mathematics, math",noun,2026-08-28T15:27:38.173273+00:00
26,"all, everything",noun,2026-08-28T15:27:38.173273+00:00
27,second (unit of time),noun,2026-08-28T15:27:38.173273+00:00
28,"old, ancient, antique",adjective,2026-08-28T15:27:38.173273+00:00
29,customer,noun,2026-08-28T15:27:38.173273+00:00
30,"commuting to school, going to school",noun,2026-08-28T15:27:38.173273+00:00
31,japanese archery,noun,2026-08-28T15:27:38.173273+00:00
32,rice ball,noun,2026-08-28T15:27:38.173273+00:00
33,new year's greetings,noun,2026-08-28T15:27:38.173273+00:00
34,school,noun,2026-08-28T15:27:38.173273+00:00
35,"state, situation, condition, appearance",noun,2026-08-28T15:27:38.173273+00:00
36,"decrease, reduction",noun,2026-08-28T15:27:38.173273+00:00
37,"last, final, end",noun,2026-08-28T15:27:38.173273+00:00
38,"limited express (train), super express",noun,2026-08-28T15:27:38.173273+00:00
39,mute,noun,2026-08-28T15:27:38.173273+00:00
40,"surface, exterior, outside",noun,2026-08-28T15:27:38.173273+00:00
41,eyebrows,noun,2026-08-28T15:27:38.173273+00:00
42,hamburg steak,noun,2026-08-28T15:27:38.173273+00:00
43,"distinction, difference",noun,2026-08-28T15:27:38.173273+00:00
44,cloud,noun,2026-08-28T15:27:38.173273+00:00
45,edit,noun,2026-08-28T15:27:38.173273+00:00
46,beer,noun,2026-08-28T15:27:38.173273+00:00
47,stationery,noun,2026-08-28T15:27:38.173273+00:00
48,"last, final, ultimate",noun,2026-08-28T15:27:38.173273+00:00
49,birth,noun,2026-08-28T15:27:38.173273+00:00
50,"to ring, to sound, to resound",verb,2026-08-28T15:27:38.173273+00:00
51,exit,noun,2026-08-28T15:27:38.173273+00:00
52,"same, identical, equal",adjective,2026-08-28T15:27:38.173273+00:00
53,"foundation, basis",noun,2026-08-28T15:27:38.173273+00:00
54,"worry, concern, anxiety",noun,2026-08-28T15:27:38.173273+00:00
55,"exclusion, elimination",noun,2026-08-28T15:27:38.173273+00:00
56,hair care,noun,2026-08-28T15:27:38.173273+00:00
57,"technology, technique",noun,2026-08-28T15:27:38.173273+00:00
58,"spring equinox, vernal equinox",noun,2026-08-28T15:27:38.173273+00:00
59,"executive, management",noun,2026-08-28T15:27:38.173273+00:00
60,check-out,noun,2026-08-28T15:27:38.173273+00:00
61,guarantor,noun,2026-08-28T15:27:38.173273+00:00
62,july,noun,2026-08-28T15:27:38.173273+00:00
63,"butcher shop, meat shop",noun,2026-08-28T15:27:38.173273+00:00
64,"to learn, to study",verb,2026-08-28T15:27:38.173273+00:00
65,"kindergarten, nursery school",noun,2026-08-28T15:27:38.173273+00:00
66,"language (system), tongue",noun,2026-08-28T15:27:38.173273+00:00
67,bookmark,noun,2026-08-28T15:27:38.173273+00:00
68,newspaper,noun,2026-08-28T15:27:38.173273+00:00
69,"picture, painting, drawing, illustration",noun,2026-08-28T15:27:38.173273+00:00
70,"weak point, shortcoming, disadvantage",noun,2026-08-28T15:27:38.173273+00:00
71,"desk, writing desk",noun,2026-08-28T15:27:38.173273+00:00
72,yellow,adjective,2026-08-28T15:27:38.173273+00:00
73,"to return, to go home",verb,2026-08-28T15:27:38.173273+00:00
74,letter (written correspondence),noun,2026-08-28T15:27:38.173273+00:00
75,"excursion, field trip, school outing",noun,2026-08-28T15:27:38.173273+00:00
76,"to go up, to rise, to ascend",verb,2026-08-28T15:27:38.173273+00:00
77,"coming and going, traffic",noun,2026-08-28T15:27:38.173273+00:00
78,"manners, courtesy, etiquette, decorum",noun,2026-08-28T15:27:38.173273+00:00
79,mask,noun,2026-08-28T15:27:38.173273+00:00
80,to be born,verb,2026-08-28T15:27:38.173273+00:00
81,ambassador,noun,2026-08-28T15:27:38.173273+00:00
82,"profit, benefit, gain",noun,2026-08-28T15:27:38.173273+00:00
83,transcript,noun,2026-08-28T15:27:38.173273+00:00
84,"territory, domain",noun,2026-08-28T15:27:38.173273+00:00
85,"real, genuine, true",adjective,2026-08-28T15:27:38.173273+00:00
86,"outside, outdoors",noun,2026-08-28T15:27:38.173273+00:00
87,postage stamp,noun,2026-08-28T15:27:38.173273+00:00
88,miso soup,noun,2026-08-28T15:27:38.173273+00:00
89,"to tell, announce, inform, declare",verb,2026-08-28T15:27:38.173273+00:00
90,brand new,noun,2026-08-28T15:27:38.173273+00:00
91,"important, precious",adjective,2026-08-28T15:27:38.173273+00:00
92,staff,noun,2026-08-28T15:27:38.173273+00:00
93,girl,noun,2026-08-28T15:27:38.173273+00:00
94,"anxious, uneasy",adjective,2026-08-28T15:27:38.173273+00:00
95,nosebleed,noun,2026-08-28T15:27:38.173273+00:00
96,"realization, actualization",noun,2026-08-28T15:27:38.173273+00:00
97,"hero, champion",noun,2026-08-28T15:27:38.173273+00:00
98,floor cushion,noun,2026-08-28T15:27:38.173273+00:00
99,"to roll, to wind",verb,2026-08-28T15:27:38.173273+00:00
100,"standard, criterion",noun,2026-08-28T15:27:38.173273+00:00
101,"attention, caution",noun,2026-08-28T15:27:38.173273+00:00
102,"valley, gorge, ravine",noun,2026-08-28T15:27:38.173273+00:00
103,"polite, courteous",adjective,2026-08-28T15:27:38.173273+00:00
104,"evening, late afternoon, dusk",noun,2026-08-28T15:27:38.173273+00:00
105,"death, mortality",noun,2026-08-28T15:27:38.173273+00:00
106,"zone, area, district",noun,2026-08-28T15:27:38.173273+00:00
107,classroom,noun,2026-08-28T15:27:38.173273+00:00
108,follow (social media),noun,2026-08-28T15:27:38.173273+00:00
109,"line, wire, route",noun,2026-08-28T15:27:38.173273+00:00
110,"to quit, resign, leave (a job)",verb,2026-08-28T15:27:38.173273+00:00
111,"to cut, to slice",verb,2026-08-28T15:27:38.173273+00:00
112,"black, dark",adjective,2026-08-28T15:27:38.173273+00:00
113,"to calm down, quiet down, subside",verb,2026-08-28T15:27:38.173273+00:00
114,"abnormal, unusual",adjective,2026-08-28T15:27:38.173273+00:00
115,"morning, am (before noon)",noun,2026-08-28T15:27:38.173273+00:00
116,"married couple, husband and wife",noun,2026-08-28T15:27:38.173273+00:00
117,"case, situation, occasion",noun,2026-08-28T15:27:38.173273+00:00
118,june,noun,2026-08-28T15:27:38.173273+00:00
119,"to carry, to transport",verb,2026-08-28T15:27:38.173273+00:00
120,"long, lengthy",adjective,2026-08-28T15:27:38.173273+00:00
121,mother,noun,2026-08-28T15:27:38.173273+00:00
122,"to memorize, remember, learn",verb,2026-08-28T15:27:38.173273+00:00
123,"wheat, barley, grain",noun,2026-08-28T15:27:38.173273+00:00
124,hot spring,noun,2026-08-28T15:27:38.173273+00:00
125,education,noun,2026-08-28T15:27:38.173273+00:00
126,"ratio, proportion",noun,2026-08-28T15:27:38.173273+00:00
127,"chinese character, kanji",noun,2026-08-28T15:27:38.173273+00:00
128,day of the week,noun,2026-08-28T15:27:38.173273+00:00
129,"errand, business to attend to, things to do",noun,2026-08-28T15:27:38.173273+00:00
130,insurance,noun,2026-08-28T15:27:38.173273+00:00
131,two people,noun,2026-08-28T15:27:38.173273+00:00
132,"supply, provision",noun,2026-08-28T15:27:38.173273+00:00
133,"demand, request, requirement",noun,2026-08-28T15:27:38.173273+00:00
134,real estate,noun,2026-08-28T15:27:38.173273+00:00
135,lighting,noun,2026-08-28T15:27:38.173273+00:00
136,"to answer, to reply, to respond",verb,2026-08-28T15:27:38.173273+00:00
137,"fate, destiny",noun,2026-08-28T15:27:38.173273+00:00
138,viewing (media),noun,2026-08-28T15:27:38.173273+00:00
139,"driving, operation",noun,2026-08-28T15:27:38.173273+00:00
140,"to arrange, to tidy, to put in order",verb,2026-08-28T15:27:38.173273+00:00
141,best before date,noun,2026-08-28T15:27:38.173273+00:00
142,"lesson, moral, teaching",noun,2026-08-28T15:27:38.173273+00:00
143,"to notice, realize, become aware",verb,2026-08-28T15:27:38.173273+00:00
144,yesterday,noun,2026-08-28T15:27:38.173273+00:00
145,"to face, to turn toward",verb,2026-08-28T15:27:38.173273+00:00
146,recommendation,noun,2026-08-28T15:27:38.173273+00:00
147,"all members, everyone",noun,2026-08-28T15:27:38.173273+00:00
148,last year,noun,2026-08-28T15:27:38.173273+00:00
149,"to compare, use as an example, liken",verb,2026-08-28T15:27:38.173273+00:00
150,politics,noun,2026-08-28T15:27:38.173273+00:00
151,"to know, to be aware of, to learn",verb,2026-08-28T15:27:38.173273+00:00
152,"to sell, to deal in",verb,2026-08-28T15:27:38.173273+00:00
153,area along a railway line,noun,2026-08-28T15:27:38.173273+00:00
154,"map, atlas",noun,2026-08-28T15:27:38.173273+00:00
155,"train ticket, boarding pass",noun,2026-08-28T15:27:38.173273+00:00
156,"to excel, to surpass",verb,2026-08-28T15:27:38.173273+00:00
157,"machine, machinery, mechanism",noun,2026-08-28T15:27:38.173273+00:00
158,"nursing, care",noun,2026-08-28T15:27:38.173273+00:00
159,eel,noun,2026-08-28T15:27:38.173273+00:00
160,"to disappear, to vanish, to go out (fire/light)",verb,2026-08-28T15:27:38.173273+00:00
161,"time, season, period, occasion",noun,2026-08-28T15:27:38.173273+00:00
162,"japanese food, japanese cuisine",noun,2026-08-28T15:27:38.173273+00:00
163,shaving,noun,2026-08-28T15:27:38.173273+00:00
164,"luck, fortune",noun,2026-08-28T15:27:38.173273+00:00
165,animal,noun,2026-08-28T15:27:38.173273+00:00
166,"newspaper (the physical paper), newsprint",noun,2026-08-28T15:27:38.173273+00:00
167,father,noun,2026-08-28T15:27:38.173273+00:00
168,"ophthalmology, eye clinic",noun,2026-08-28T15:27:38.173273+00:00
169,soap,noun,2026-08-28T15:27:38.173273+00:00
170,"radio waves, electromagnetic waves, signal",noun,2026-08-28T15:27:38.173273+00:00
171,"going to work, attendance",noun,2026-08-28T15:27:38.173273+00:00
172,fare,noun,2026-08-28T15:27:38.173273+00:00
173,bridge,noun,2026-08-28T15:27:38.173273+00:00
174,"cinema, movie theater",noun,2026-08-28T15:27:38.173273+00:00
175,self-defense,noun,2026-08-28T15:27:38.173273+00:00
176,"god, deity, divine being (respectful)",noun,2026-08-28T15:27:38.173273+00:00
177,"wound, cut",noun,2026-08-28T15:27:38.173273+00:00
178,older brother (plain/humble),noun,2026-08-28T15:27:38.173273+00:00
179,life (of a living thing),noun,2026-08-28T15:27:38.173273+00:00
180,"detailed, fine, small, precise",adjective,2026-08-28T15:27:38.173273+00:00
181,nuisance,adjective,2026-08-28T15:27:38.173273+00:00
182,investment,noun,2026-08-28T15:27:38.173273+00:00
183,"to laugh, smile",verb,2026-08-28T15:27:38.173273+00:00
184,outerwear,noun,2026-08-28T15:27:38.173273+00:00
185,"door, sliding door",noun,2026-08-28T15:27:38.173273+00:00
186,"tool, instrument",noun,2026-08-28T15:27:38.173273+00:00
187,"signboard, billboard",noun,2026-08-28T15:27:38.173273+00:00
188,ticket gate,noun,2026-08-28T15:27:38.173273+00:00
189,baseball,noun,2026-08-28T15:27:38.173273+00:00
190,"national holiday, public holiday",noun,2026-08-28T15:27:38.173273+00:00
191,"total amount, grand total",noun,2026-08-28T15:27:38.173273+00:00
192,headache,noun,2026-08-28T15:27:38.173273+00:00
193,"both, both sides",noun,2026-08-28T15:27:38.173273+00:00
194,"food, foodstuff",noun,2026-08-28T15:27:38.173273+00:00
195,"harbor, port",noun,2026-08-28T15:27:38.173273+00:00
196,"child, children",noun,2026-08-28T15:27:38.173273+00:00
197,"other party, partner, opponent",noun,2026-08-28T15:27:38.173273+00:00
198,"reference, consultation, example to follow",noun,2026-08-28T15:27:38.173273+00:00
199,"equality, equal treatment, impartiality",noun,2026-08-28T15:27:38.173273+00:00
200,steel,noun,2026-08-28T15:27:38.173273+00:00
201,committee,noun,2026-08-28T15:27:38.173273+00:00
202,"celebration, congratulation",noun,2026-08-28T15:27:38.173273+00:00
203,"skilled, good at, proficient",adjective,2026-08-28T15:27:38.173273+00:00
204,"silver color, silver",noun,2026-08-28T15:27:38.173273+00:00
205,"government office, municipal office",noun,2026-08-28T15:27:38.173273+00:00
206,"reduction, cutback",noun,2026-08-28T15:27:38.173273+00:00
207,to receive (humble form),verb,2026-08-28T15:27:38.173273+00:00
208,"condition, state, tone, rhythm",noun,2026-08-28T15:27:38.173273+00:00
209,"matcha, powdered green tea",noun,2026-08-28T15:27:38.173273+00:00
210,"peace, harmony",noun,2026-08-28T15:27:38.173273+00:00
211,"heavy snow, heavy snowfall",noun,2026-08-28T15:27:38.173273+00:00
212,political party,noun,2026-08-28T15:27:38.173273+00:00
213,"to be transmitted, spread, be conveyed",verb,2026-08-28T15:27:38.173273+00:00
214,bedding,noun,2026-08-28T15:27:38.173273+00:00
215,"clean, hygienic, sanitary",adjective,2026-08-28T15:27:38.173273+00:00
216,"to fit, to match, to suit",verb,2026-08-28T15:27:38.173273+00:00
217,"interval, space, gap",noun,2026-08-28T15:27:38.173273+00:00
218,"expectation, anticipation, hope",noun,2026-08-28T15:27:38.173273+00:00
219,create,noun,2026-08-28T15:27:38.173273+00:00
220,"typhoon, tropical cyclone",noun,2026-08-28T15:27:38.173273+00:00
221,first aid,noun,2026-08-28T15:27:38.173273+00:00
222,"society, community",noun,2026-08-28T15:27:38.173273+00:00
223,transit operation,noun,2026-08-28T15:27:38.173273+00:00
224,"number, phone number, id number",noun,2026-08-28T15:27:38.173273+00:00
225,"complexion, color of one's face",noun,2026-08-28T15:27:38.173273+00:00
226,application,noun,2026-08-28T15:27:38.173273+00:00
227,"summit, top, peak",noun,2026-08-28T15:27:38.173273+00:00
228,"consciousness, awareness",noun,2026-08-28T15:27:38.173273+00:00
229,sweater,noun,2026-08-28T15:27:38.173273+00:00
230,"attention, notice, being watched",noun,2026-08-28T15:27:38.173273+00:00
231,"experience, first-hand experience",noun,2026-08-28T15:27:38.173273+00:00
232,"hometown, native place",noun,2026-08-28T15:27:38.173273+00:00
233,"heart, mind, spirit",noun,2026-08-28T15:27:38.173273+00:00
234,pacific ocean,noun,2026-08-28T15:27:38.173273+00:00
235,sofa,noun,2026-08-28T15:27:38.173273+00:00
236,"improvement, betterment",noun,2026-08-28T15:27:38.173273+00:00
237,wooden construction,noun,2026-08-28T15:27:38.173273+00:00
238,"dentist, dental clinic",noun,2026-08-28T15:27:38.173273+00:00
239,"to work at, to be employed",verb,2026-08-28T15:27:38.173273+00:00
240,"processing, manufacturing, fabrication",noun,2026-08-28T15:27:38.173273+00:00
241,"documents, papers, paperwork",noun,2026-08-28T15:27:38.173273+00:00
242,"feather, wing",noun,2026-08-28T15:27:38.173273+00:00
243,"tea (japanese tea, especially green tea)",noun,2026-08-28T15:27:38.173273+00:00
244,nose,noun,2026-08-28T15:27:38.173273+00:00
245,"to celebrate, congratulate",verb,2026-08-28T15:27:38.173273+00:00
246,morning,noun,2026-08-28T15:27:38.173273+00:00
247,"green (color), verdure",noun,2026-08-28T15:27:38.173273+00:00
248,"splendid, magnificent, admirable, skillful",adjective,2026-08-28T15:27:38.173273+00:00
249,"question, inquiry",noun,2026-08-28T15:27:38.173273+00:00
250,"to fall, to drop, to come off",verb,2026-08-28T15:27:38.173273+00:00
251,purchase,noun,2026-08-28T15:27:38.173273+00:00
252,"utility pole, electric pole, telephone pole",noun,2026-08-28T15:27:38.173273+00:00
253,"japanese inn, traditional japanese hotel",noun,2026-08-28T15:27:38.173273+00:00
254,"to relate to, concern, be about",verb,2026-08-28T15:27:38.173273+00:00
255,hair washing,noun,2026-08-28T15:27:38.173273+00:00
256,"budget, estimated expenditure",noun,2026-08-28T15:27:38.173273+00:00
257,"how to use, way of using, usage",noun,2026-08-28T15:27:38.173273+00:00
258,seat,noun,2026-08-28T15:27:38.173273+00:00
259,"half, fifty percent",noun,2026-08-28T15:27:38.173273+00:00
260,natto,noun,2026-08-28T15:27:38.173273+00:00
261,"plate, dish",noun,2026-08-28T15:27:38.173273+00:00
262,cut,noun,2026-08-28T15:27:38.173273+00:00
263,property viewing,noun,2026-08-28T15:27:38.173273+00:00
264,finishing touches,noun,2026-08-28T15:27:38.173273+00:00
265,"club activities (in school), extracurricular activities",noun,2026-08-28T15:27:38.173273+00:00
266,"wave (water), surge",noun,2026-08-28T15:27:38.173273+00:00
267,"to need, be necessary",verb,2026-08-28T15:27:38.173273+00:00
268,right hand,noun,2026-08-28T15:27:38.173273+00:00
269,"difficulty, hardship",noun,2026-08-28T15:27:38.173273+00:00
270,"poem, poetry",noun,2026-08-28T15:27:38.173273+00:00
271,"depending on, as soon as, circumstances",noun,2026-08-28T15:27:38.173273+00:00
272,"to say, to be called (humble form of 言う)",verb,2026-08-28T15:27:38.173273+00:00
273,"relationship, connection",noun,2026-08-28T15:27:38.173273+00:00
274,"past, bygone days",noun,2026-08-28T15:27:38.173273+00:00
275,out of stock,noun,2026-08-28T15:27:38.173273+00:00
276,"to endeavor, make effort, strive",verb,2026-08-28T15:27:38.173273+00:00
277,"bicycle, bike",noun,2026-08-28T15:27:38.173273+00:00
278,"consumption, spending, use",noun,2026-08-28T15:27:38.173273+00:00
279,"hometown, birthplace",noun,2026-08-28T15:27:38.173273+00:00
280,"effort, endeavor, hard work",noun,2026-08-28T15:27:38.173273+00:00
281,"interesting, funny, amusing, entertaining",adjective,2026-08-28T15:27:38.173273+00:00
282,"departure, setting off, leaving",noun,2026-08-28T15:27:38.173273+00:00
283,"police, police force",noun,2026-08-28T15:27:38.173273+00:00
284,humanity and justice,noun,2026-08-28T15:27:38.173273+00:00
285,"part, portion, section",noun,2026-08-28T15:27:38.173273+00:00
286,"wind, breeze; also cold (illness)",noun,2026-08-28T15:27:38.173273+00:00
287,palace,noun,2026-08-28T15:27:38.173273+00:00
288,"to enter, to go in",verb,2026-08-28T15:27:38.173273+00:00
289,"understanding, comprehension",noun,2026-08-28T15:27:38.173273+00:00
290,"to be seen, to be visible, to be in sight, to look, to appear",verb,2026-08-28T15:27:38.173273+00:00
291,"ship, boat, vessel",noun,2026-08-28T15:27:38.173273+00:00
292,tomorrow,noun,2026-08-28T15:27:38.173273+00:00
293,"method, way, means, approach",noun,2026-08-28T15:27:38.173273+00:00
294,"to raise, support, nourish, cultivate",verb,2026-08-28T15:27:38.173273+00:00
295,bargain price,noun,2026-08-28T15:27:38.173273+00:00
296,bangs / fringe,noun,2026-08-28T15:27:38.173273+00:00
297,husband,noun,2026-08-28T15:27:38.173273+00:00
298,"exchange, replacement, substitution",noun,2026-08-28T15:27:38.173273+00:00
299,salad,noun,2026-08-28T15:27:38.173273+00:00
300,"your majesty, his/her majesty",noun,2026-08-28T15:27:38.173273+00:00
301,bow and arrow,noun,2026-08-28T15:27:38.173273+00:00
302,"center, middle",noun,2026-08-28T15:27:38.173273+00:00
303,"diary, journal",noun,2026-08-28T15:27:38.173273+00:00
304,"high school, senior high school",noun,2026-08-28T15:27:38.173273+00:00
305,produce (fruit and vegetables),noun,2026-08-28T15:27:38.173273+00:00
306,rent,noun,2026-08-28T15:27:38.173273+00:00
307,printing,noun,2026-08-28T15:27:38.173273+00:00
308,"to try, attempt, make an effort",verb,2026-08-28T15:27:38.173273+00:00
309,"play, game, amusement, fun",noun,2026-08-28T15:27:38.173273+00:00
310,discount,noun,2026-08-28T15:27:38.173273+00:00
311,"restoration, recovery",noun,2026-08-28T15:27:38.173273+00:00
312,"small, little, tiny",adjective,2026-08-28T15:27:38.173273+00:00
313,"to plant, to grow (a plant)",verb,2026-08-28T15:27:38.173273+00:00
314,"steam train, train (old-fashioned term)",noun,2026-08-28T15:27:38.173273+00:00
315,"makeup, cosmetics",noun,2026-08-28T15:27:38.173273+00:00
316,"hobby, pastime",noun,2026-08-28T15:27:38.173273+00:00
317,"light meal, snack, refreshment",noun,2026-08-28T15:27:38.173273+00:00
318,revolution,noun,2026-08-28T15:27:38.173273+00:00
319,(train) station,noun,2026-08-28T15:27:38.173273+00:00
320,"to close, to shut (transitive)",verb,2026-08-28T15:27:38.173273+00:00
321,not applicable,noun,2026-08-28T15:27:38.173273+00:00
322,monday,noun,2026-08-28T15:27:38.173273+00:00
323,flower,noun,2026-08-28T15:27:38.173273+00:00
324,"story, talk, conversation, subject",noun,2026-08-28T15:27:38.173273+00:00
325,"agriculture, farming",noun,2026-08-28T15:27:38.173273+00:00
326,"to differ, to vary",verb,2026-08-28T15:27:38.173273+00:00
327,"cafeteria, dining room, restaurant",noun,2026-08-28T15:27:38.173273+00:00
328,curtain,noun,2026-08-28T15:27:38.173273+00:00
329,wallet,noun,2026-08-28T15:27:38.173273+00:00
330,"to speak, to talk, to tell",verb,2026-08-28T15:27:38.173273+00:00
331,bed,noun,2026-08-28T15:27:38.173273+00:00
332,"to lose, forfeit",verb,2026-08-28T15:27:38.173273+00:00
333,"talk, conversation, discourse, comment",noun,2026-08-28T15:27:38.173273+00:00
334,ticket (for transportation),noun,2026-08-28T15:27:38.173273+00:00
335,"application, practical use",noun,2026-08-28T15:27:38.173273+00:00
336,"natural, obvious, of course",noun,2026-08-28T15:27:38.173273+00:00
337,"future, one's future prospects",noun,2026-08-28T15:27:38.173273+00:00
338,to read,verb,2026-08-28T15:27:38.173273+00:00
339,"to attach, affix, turn on, apply",verb,2026-08-28T15:27:38.173273+00:00
340,century,noun,2026-08-28T15:27:38.173273+00:00
341,information,noun,2026-08-28T15:27:38.173273+00:00
342,"walk, stroll",noun,2026-08-28T15:27:38.173273+00:00
343,"to bring near, to push",verb,2026-08-28T15:27:38.173273+00:00
344,culture,noun,2026-08-28T15:27:38.173273+00:00
345,"station staff, station worker",noun,2026-08-28T15:27:38.173273+00:00
346,"poor at, not good at, bad with, dislike",adjective,2026-08-28T15:27:38.173273+00:00
347,to move (to a new residence),verb,2026-08-28T15:27:38.173273+00:00
348,"garden, park (formal or traditional garden)",noun,2026-08-28T15:27:38.173273+00:00
349,spiciness level,noun,2026-08-28T15:27:38.173273+00:00
350,"chest, breast",noun,2026-08-28T15:27:38.173273+00:00
351,"textbook, coursebook",noun,2026-08-28T15:27:38.173273+00:00
352,"light, ray, gleam",noun,2026-08-28T15:27:38.173273+00:00
353,"life, living, daily life",noun,2026-08-28T15:27:38.173273+00:00
354,"to wrap, envelop, cover",verb,2026-08-28T15:27:38.173273+00:00
355,buddhist temple,noun,2026-08-28T15:27:38.173273+00:00
356,topping,noun,2026-08-28T15:27:38.173273+00:00
357,skirt,noun,2026-08-28T15:27:38.173273+00:00
358,"oil, fat, grease",noun,2026-08-28T15:27:38.173273+00:00
359,sheep,noun,2026-08-28T15:27:38.173273+00:00
360,"field, area, domain, sector",noun,2026-08-28T15:27:38.173273+00:00
361,"journalist, reporter, correspondent",noun,2026-08-28T15:27:38.173273+00:00
362,"to take (someone) along, bring",verb,2026-08-28T15:27:38.173273+00:00
363,on foot,noun,2026-08-28T15:27:38.173273+00:00
364,"probably, maybe, perhaps",noun,2026-08-28T15:27:38.173273+00:00
365,"skill, ability, technique",noun,2026-08-28T15:27:38.173273+00:00
366,cash,noun,2026-08-28T15:27:38.173273+00:00
367,"friend, companion",noun,2026-08-28T15:27:38.173273+00:00
368,beef,noun,2026-08-28T15:27:38.173273+00:00
369,"plaza, public square, open space",noun,2026-08-28T15:27:38.173273+00:00
370,"habit, custom",noun,2026-08-28T15:27:38.173273+00:00
371,"resolution, settlement",noun,2026-08-28T15:27:38.173273+00:00
372,"pedestrian crossing, crosswalk",noun,2026-08-28T15:27:38.173273+00:00
373,unreserved seat,noun,2026-08-28T15:27:38.173273+00:00
374,"modern times, contemporary age",noun,2026-08-28T15:27:38.173273+00:00
375,fitting / trying on clothes,noun,2026-08-28T15:27:38.173273+00:00
376,"examination, test, exam",noun,2026-08-28T15:27:38.173273+00:00
377,"introduction, primer, beginning level",noun,2026-08-28T15:27:38.173273+00:00
378,history (record),noun,2026-08-28T15:27:38.173273+00:00
379,"substitute, replacement",noun,2026-08-28T15:27:38.173273+00:00
380,"eternal, everlasting",adjective,2026-08-28T15:27:38.173273+00:00
381,may,noun,2026-08-28T15:27:38.173273+00:00
382,"baby, infant",noun,2026-08-28T15:27:38.173273+00:00
383,"japanese sake, rice wine",noun,2026-08-28T15:27:38.173273+00:00
384,barcode,noun,2026-08-28T15:27:38.173273+00:00
385,"place, location, spot, position",noun,2026-08-28T15:27:38.173273+00:00
386,"salary, wages, pay",noun,2026-08-28T15:27:38.173273+00:00
387,"inspection, examination",noun,2026-08-28T15:27:38.173273+00:00
388,"stock price, share price",noun,2026-08-28T15:27:38.173273+00:00
389,"acting, performance",noun,2026-08-28T15:27:38.173273+00:00
390,"resident, inhabitant",noun,2026-08-28T15:27:38.173273+00:00
391,humidifier,noun,2026-08-28T15:27:38.173273+00:00
392,"race (running), competitive race",noun,2026-08-28T15:27:38.173273+00:00
393,"medicine, drug, remedy, medication",noun,2026-08-28T15:27:38.173273+00:00
394,"cheap, inexpensive",adjective,2026-08-28T15:27:38.173273+00:00
395,"to pass, to go through, to commute",verb,2026-08-28T15:27:38.173273+00:00
396,"development, growth, expansion",noun,2026-08-28T15:27:38.173273+00:00
397,"national border, frontier",noun,2026-08-28T15:27:38.173273+00:00
398,report,noun,2026-08-28T15:27:38.173273+00:00
399,"to die, to pass away",verb,2026-08-28T15:27:38.173273+00:00
400,seasoning,noun,2026-08-28T15:27:38.173273+00:00
401,"to receive, to get",verb,2026-08-28T15:27:38.173273+00:00
402,"broadcasting station, tv/radio station",noun,2026-08-28T15:27:38.173273+00:00
403,glasses,noun,2026-08-28T15:27:38.173273+00:00
404,"qualification, credential",noun,2026-08-28T15:27:38.173273+00:00
405,charger,noun,2026-08-28T15:27:38.173273+00:00
406,dog,noun,2026-08-28T15:27:38.173273+00:00
407,"reply, answer, response",noun,2026-08-28T15:27:38.173273+00:00
408,"plan, schedule",noun,2026-08-28T15:27:38.173273+00:00
409,"autumn leaves, fall foliage, autumn colors",noun,2026-08-28T15:27:38.173273+00:00
410,iron and steel,noun,2026-08-28T15:27:38.173273+00:00
411,"prohibition, ban",noun,2026-08-28T15:27:38.173273+00:00
412,bus stop,noun,2026-08-28T15:27:38.173273+00:00
413,"to cure, heal (transitive), fix",verb,2026-08-28T15:27:38.173273+00:00
414,platform,noun,2026-08-28T15:27:38.173273+00:00
415,reservation,noun,2026-08-28T15:27:38.173273+00:00
416,private room,noun,2026-08-28T15:27:38.173273+00:00
417,shoes,noun,2026-08-28T15:27:38.173273+00:00
418,"actor, actress",noun,2026-08-28T15:27:38.173273+00:00
419,"to copy, to transcribe",verb,2026-08-28T15:27:38.173273+00:00
420,ice,noun,2026-08-28T15:27:38.173273+00:00
421,"parent, parents",noun,2026-08-28T15:27:38.173273+00:00
422,"movie, film",noun,2026-08-28T15:27:38.173273+00:00
423,"bird, fowl",noun,2026-08-28T15:27:38.173273+00:00
424,"meaning, significance",noun,2026-08-28T15:27:38.173273+00:00
425,tv stand,noun,2026-08-28T15:27:38.173273+00:00
426,to eat,verb,2026-08-28T15:27:38.173273+00:00
427,"main line, trunk line",noun,2026-08-28T15:27:38.173273+00:00
428,punctuation marks,noun,2026-08-28T15:27:38.173273+00:00
429,"reform, reformation",noun,2026-08-28T15:27:38.173273+00:00
430,"sightseeing, tourism",noun,2026-08-28T15:27:38.173273+00:00
431,"cause, reason, origin",noun,2026-08-28T15:27:38.173273+00:00
432,"crowd, multitude",noun,2026-08-28T15:27:38.173273+00:00
433,"defense, protection",noun,2026-08-28T15:27:38.173273+00:00
434,"to collect, to gather, to assemble (transitive)",verb,2026-08-28T15:27:38.173273+00:00
435,"returning home, going home",noun,2026-08-28T15:27:38.173273+00:00
436,"this time, this occasion, now",noun,2026-08-28T15:27:38.173273+00:00
437,communication,noun,2026-08-28T15:27:38.173273+00:00
438,"bean, pea, legume",noun,2026-08-28T15:27:38.173273+00:00
439,"increase, rise, growth",noun,2026-08-28T15:27:38.173273+00:00
440,"bone fracture, broken bone",noun,2026-08-28T15:27:38.173273+00:00
441,last week,noun,2026-08-28T15:27:38.173273+00:00
442,asset value,noun,2026-08-28T15:27:38.173273+00:00
443,"to accomplish, fulfill, achieve",verb,2026-08-28T15:27:38.173273+00:00
444,"slope, hill, incline",noun,2026-08-28T15:27:38.173273+00:00
445,"famous, well-known, renowned",adjective,2026-08-28T15:27:38.173273+00:00
446,one's own home,noun,2026-08-28T15:27:38.173273+00:00
447,"bone, skeleton",noun,2026-08-28T15:27:38.173273+00:00
448,organic,noun,2026-08-28T15:27:38.173273+00:00
449,"boarding a ship, embarking",noun,2026-08-28T15:27:38.173273+00:00
450,commuter pass,noun,2026-08-28T15:27:38.173273+00:00
451,face,noun,2026-08-28T15:27:38.173273+00:00
452,all you can eat,noun,2026-08-28T15:27:38.173273+00:00
453,"management, administration, control",noun,2026-08-28T15:27:38.173273+00:00
454,"impression, thoughts, feelings (about something)",noun,2026-08-28T15:27:38.173273+00:00
455,open-flame grilled,noun,2026-08-28T15:27:38.173273+00:00
456,dress (one-piece),noun,2026-08-28T15:27:38.173273+00:00
457,"road, street, highway",noun,2026-08-28T15:27:38.173273+00:00
458,dictionary,noun,2026-08-28T15:27:38.173273+00:00
459,"emigration, immigration",noun,2026-08-28T15:27:38.173273+00:00
460,loungewear,noun,2026-08-28T15:27:38.173273+00:00
461,"cooked rice, meal",noun,2026-08-28T15:27:38.173273+00:00
462,"coffee shop, café, tea room",noun,2026-08-28T15:27:38.173273+00:00
463,election,noun,2026-08-28T15:27:38.173273+00:00
464,wasabi,noun,2026-08-28T15:27:38.173273+00:00
465,video,noun,2026-08-28T15:27:38.173273+00:00
466,fresh meat,noun,2026-08-28T15:27:38.173273+00:00
467,"to take, to get, to obtain",verb,2026-08-28T15:27:38.173273+00:00
468,"first, beginning, start",noun,2026-08-28T15:27:38.173273+00:00
469,music,noun,2026-08-28T15:27:38.173273+00:00
470,"patience, endurance",noun,2026-08-28T15:27:38.173273+00:00
471,"condition, requirement",noun,2026-08-28T15:27:38.173273+00:00
472,"perfect score, full marks",noun,2026-08-28T15:27:38.173273+00:00
473,fresh fish,noun,2026-08-28T15:27:38.173273+00:00
474,facilities,noun,2026-08-28T15:27:38.173273+00:00
475,"height (of a person), stature",noun,2026-08-28T15:27:38.173273+00:00
476,"night, evening",noun,2026-08-28T15:27:38.173273+00:00
477,"nobility, aristocracy",noun,2026-08-28T15:27:38.173273+00:00
478,"opposition, objection",noun,2026-08-28T15:27:38.173273+00:00
479,underwear,noun,2026-08-28T15:27:38.173273+00:00
480,business trip,noun,2026-08-28T15:27:38.173273+00:00
481,rice bowl dish,noun,2026-08-28T15:27:38.173273+00:00
482,swimming,noun,2026-08-28T15:27:38.173273+00:00
483,"work, duty, service",noun,2026-08-28T15:27:38.173273+00:00
484,"delivery (of mail, goods, etc.)",noun,2026-08-28T15:27:38.173273+00:00
485,utility bills,noun,2026-08-28T15:27:38.173273+00:00
486,"teacher, instructor",noun,2026-08-28T15:27:38.173273+00:00
487,"to clear up (weather), to become sunny",verb,2026-08-28T15:27:38.173273+00:00
488,lake,noun,2026-08-28T15:27:38.173273+00:00
489,"to end, to finish, to be over",verb,2026-08-28T15:27:38.173273+00:00
490,"combination, pairing, arrangement",noun,2026-08-28T15:27:38.173273+00:00
491,weekend,noun,2026-08-28T15:27:38.173273+00:00
492,"kyoto (city in japan, former capital)",noun,2026-08-28T15:27:38.173273+00:00
493,"bright, well-lit",adjective,2026-08-28T15:27:38.173273+00:00
494,receive (mail/signal),noun,2026-08-28T15:27:38.173273+00:00
495,november,noun,2026-08-28T15:27:38.173273+00:00
496,hygiene,noun,2026-08-28T15:27:38.173273+00:00
497,"the whole country, nationwide",noun,2026-08-28T15:27:38.173273+00:00
498,"foreign country, overseas country",noun,2026-08-28T15:27:38.173273+00:00
499,"record, document",noun,2026-08-28T15:27:38.173273+00:00
500,"one (thing), one unit",noun,2026-08-28T15:27:38.173273+00:00
501,"to add, include, apply",verb,2026-08-28T15:27:38.173273+00:00
502,"picture book, illustrated book",noun,2026-08-28T15:27:38.173273+00:00
503,"in practice, actually",noun,2026-08-28T15:27:38.173273+00:00
504,"argument, discussion, debate",noun,2026-08-28T15:27:38.173273+00:00
505,"to print, run off",verb,2026-08-28T15:27:38.173273+00:00
506,"electricity, electric light",noun,2026-08-28T15:27:38.173273+00:00
507,thick-cut,noun,2026-08-28T15:27:38.173273+00:00
508,"industry, business world",noun,2026-08-28T15:27:38.173273+00:00
509,salt,noun,2026-08-28T15:27:38.173273+00:00
510,"to inhale, to breathe in",verb,2026-08-28T15:27:38.173273+00:00
511,"quotation, citation",noun,2026-08-28T15:27:38.173273+00:00
512,"victory, triumph, win",noun,2026-08-28T15:27:38.173273+00:00
513,charm,noun,2026-08-28T15:27:38.173273+00:00
514,"to run, to dash",verb,2026-08-28T15:27:38.173273+00:00
515,"sentence, text, writing, composition",noun,2026-08-28T15:27:38.173273+00:00
516,menu,noun,2026-08-28T15:27:38.173273+00:00
517,"title (of a work), name of a piece",noun,2026-08-28T15:27:38.173273+00:00
518,"good luck, good fortune",noun,2026-08-28T15:27:38.173273+00:00
519,"head, mind, brain, intelligence",noun,2026-08-28T15:27:38.173273+00:00
520,"serious, earnest, diligent, sincere",adjective,2026-08-28T15:27:38.173273+00:00
521,"sad, sorrowful, grieving",adjective,2026-08-28T15:27:38.173273+00:00
522,to walk,verb,2026-08-28T15:27:38.173273+00:00
523,"store, shop",noun,2026-08-28T15:27:38.173273+00:00
524,wedding ceremony,noun,2026-08-28T15:27:38.173273+00:00
525,black tea,noun,2026-08-28T15:27:38.173273+00:00
526,desk,noun,2026-08-28T15:27:38.173273+00:00
527,means of transportation,noun,2026-08-28T15:27:38.173273+00:00
528,haiku (17-syllable japanese poem),noun,2026-08-28T15:27:38.173273+00:00
529,"postponement, delay",noun,2026-08-28T15:27:38.173273+00:00
530,dryer,noun,2026-08-28T15:27:38.173273+00:00
531,"folktale, old story, fairy tale",noun,2026-08-28T15:27:38.173273+00:00
532,destination,noun,2026-08-28T15:27:38.173273+00:00
533,rice (polite form),noun,2026-08-28T15:27:38.173273+00:00
534,furniture,noun,2026-08-28T15:27:38.173273+00:00
535,"(uncooked) rice, rice grain",noun,2026-08-28T15:27:38.173273+00:00
536,bus,noun,2026-08-28T15:27:38.173273+00:00
537,hanger,noun,2026-08-28T15:27:38.173273+00:00
538,"reversal, turnaround",noun,2026-08-28T15:27:38.173273+00:00
539,"strong, powerful, tough",adjective,2026-08-28T15:27:38.173273+00:00
540,"vehicle, means of transport",noun,2026-08-28T15:27:38.173273+00:00
541,"domestic, within the country",noun,2026-08-28T15:27:38.173273+00:00
542,"since, from that time, ever since",noun,2026-08-28T15:27:38.173273+00:00
543,"score, points, grade",noun,2026-08-28T15:27:38.173273+00:00
544,"birthplace, hometown, origin, background (education/organization)",noun,2026-08-28T15:27:38.173273+00:00
545,"doctor, physician",noun,2026-08-28T15:27:38.173273+00:00
546,"sun, solar",noun,2026-08-28T15:27:38.173273+00:00
547,japanese language,noun,2026-08-28T15:27:38.173273+00:00
548,carbonated water,noun,2026-08-28T15:27:38.173273+00:00
549,set meal,noun,2026-08-28T15:27:38.173273+00:00
550,steak,noun,2026-08-28T15:27:38.173273+00:00
551,"trend, fashion, craze",noun,2026-08-28T15:27:38.173273+00:00
552,"front, before, in front of",noun,2026-08-28T15:27:38.173273+00:00
553,saturday,noun,2026-08-28T15:27:38.173273+00:00
554,"feeling, mood",noun,2026-08-28T15:27:38.173273+00:00
555,"to prosper, flourish, thrive",verb,2026-08-28T15:27:38.173273+00:00
556,south,noun,2026-08-28T15:27:38.173273+00:00
557,"important, crucial, significant",noun,2026-08-28T15:27:38.173273+00:00
558,"late at night, midnight, the small hours",noun,2026-08-28T15:27:38.173273+00:00
559,"to line up, to arrange",verb,2026-08-28T15:27:38.173273+00:00
560,"period, duration, term",noun,2026-08-28T15:27:38.173273+00:00
561,"interview (job, school)",noun,2026-08-28T15:27:38.173273+00:00
562,"to pull, to draw",verb,2026-08-28T15:27:38.173273+00:00
563,"to enjoy, to have fun",verb,2026-08-28T15:27:38.173273+00:00
564,grilled meat,noun,2026-08-28T15:27:38.173273+00:00
565,"research institute, laboratory",noun,2026-08-28T15:27:38.173273+00:00
566,"donation, contribution",noun,2026-08-28T15:27:38.173273+00:00
567,"lecture, speech",noun,2026-08-28T15:27:38.173273+00:00
568,"to part, separate, say goodbye",verb,2026-08-28T15:27:38.173273+00:00
569,"middle school, junior high school",noun,2026-08-28T15:27:38.173273+00:00
570,committee member,noun,2026-08-28T15:27:38.173273+00:00
571,"valley floor, bottom of a valley, depths",noun,2026-08-28T15:27:38.173273+00:00
572,towel,noun,2026-08-28T15:27:38.173273+00:00
573,"to be full, fill up, be brimming",verb,2026-08-28T15:27:38.173273+00:00
574,"to become, to turn into",verb,2026-08-28T15:27:38.173273+00:00
575,"to heal, recover (intransitive), be cured",verb,2026-08-28T15:27:38.173273+00:00
576,"amount of money, sum",noun,2026-08-28T15:27:38.173273+00:00
577,delete,noun,2026-08-28T15:27:38.173273+00:00
578,"degree, extent, level",noun,2026-08-28T15:27:38.173273+00:00
579,satellite,noun,2026-08-28T15:27:38.173273+00:00
580,horse,noun,2026-08-28T15:27:38.173273+00:00
581,"consultation, discussion, talking over",noun,2026-08-28T15:27:38.173273+00:00
582,"easy, simple",adjective,2026-08-28T15:27:38.173273+00:00
583,"scenery, view, landscape",noun,2026-08-28T15:27:38.173273+00:00
584,"taking an exam, sitting for an exam",noun,2026-08-28T15:27:38.173273+00:00
585,"rescue, relief, saving",noun,2026-08-28T15:27:38.173273+00:00
586,"process, course",noun,2026-08-28T15:27:38.173273+00:00
587,"reception, front desk",noun,2026-08-28T15:27:38.173273+00:00
588,"company president, ceo",noun,2026-08-28T15:27:38.173273+00:00
589,stock / inventory,noun,2026-08-28T15:27:38.173273+00:00
590,cow's milk,noun,2026-08-28T15:27:38.173273+00:00
591,"hot water, boiled water",noun,2026-08-28T15:27:38.173273+00:00
592,"to forgive, to pardon",verb,2026-08-28T15:27:38.173273+00:00
593,triangle,noun,2026-08-28T15:27:38.173273+00:00
594,receipt,noun,2026-08-28T15:27:38.173273+00:00
595,"line, queue",noun,2026-08-28T15:27:38.173273+00:00
596,udon noodles,noun,2026-08-28T15:27:38.173273+00:00
597,entryway,noun,2026-08-28T15:27:38.173273+00:00
598,trash can,noun,2026-08-28T15:27:38.173273+00:00
599,"weak, feeble, frail",adjective,2026-08-28T15:27:38.173273+00:00
600,"to climb a mountain, to go mountain climbing",verb,2026-08-28T15:27:38.173273+00:00
601,futon,noun,2026-08-28T15:27:38.173273+00:00
602,"sidewalk, footpath, pedestrian path",noun,2026-08-28T15:27:38.173273+00:00
603,"kansai region (western japan including osaka, kyoto, kobe)",noun,2026-08-28T15:27:38.173273+00:00
604,"to go out, to exit, to leave",verb,2026-08-28T15:27:38.173273+00:00
605,"to approach, to draw near",verb,2026-08-28T15:27:38.173273+00:00
606,"to borrow, rent, hire",verb,2026-08-28T15:27:38.173273+00:00
607,"living together, cohabitation",noun,2026-08-28T15:27:38.173273+00:00
608,"leaf, blade (of grass), petal",noun,2026-08-28T15:27:38.173273+00:00
609,"painter, artist",noun,2026-08-28T15:27:38.173273+00:00
610,reading (books as a hobby or activity),noun,2026-08-28T15:27:38.173273+00:00
611,"status, standing, position, rank",noun,2026-08-28T15:27:38.173273+00:00
612,wednesday,noun,2026-08-28T15:27:38.173273+00:00
613,"local, one's hometown, home area",noun,2026-08-28T15:27:38.173273+00:00
614,japanese-style room,noun,2026-08-28T15:27:38.173273+00:00
615,"to hurry, to rush, to hasten",verb,2026-08-28T15:27:38.173273+00:00
616,"acquaintance, person one knows",noun,2026-08-28T15:27:38.173273+00:00
617,"match, contest, competition",noun,2026-08-28T15:27:38.173273+00:00
618,toy,noun,2026-08-28T15:27:38.173273+00:00
619,to graduate,verb,2026-08-28T15:27:38.173273+00:00
620,thursday,noun,2026-08-28T15:27:38.173273+00:00
621,"to stand, to stand up",verb,2026-08-28T15:27:38.173273+00:00
622,ramen,noun,2026-08-28T15:27:38.173273+00:00
623,"industry, manufacturing, engineering",noun,2026-08-28T15:27:38.173273+00:00
624,free of charge,noun,2026-08-28T15:27:38.173273+00:00
625,right side,noun,2026-08-28T15:27:38.173273+00:00
626,"industry, enterprise, business",noun,2026-08-28T15:27:38.173273+00:00
627,"precious, valuable",adjective,2026-08-28T15:27:38.173273+00:00
628,"hope, wish, desire",noun,2026-08-28T15:27:38.173273+00:00
629,facility,noun,2026-08-28T15:27:38.173273+00:00
630,noodles,noun,2026-08-28T15:27:38.173273+00:00
631,"other person, stranger",noun,2026-08-28T15:27:38.173273+00:00
632,"to grill, bake, burn, roast",verb,2026-08-28T15:27:38.173273+00:00
633,"one day, all day long",noun,2026-08-28T15:27:38.173273+00:00
634,"care, looking after",noun,2026-08-28T15:27:38.173273+00:00
635,hat,noun,2026-08-28T15:27:38.173273+00:00
636,"to understand, to comprehend",verb,2026-08-28T15:27:38.173273+00:00
637,"adult, grown-up",noun,2026-08-28T15:27:38.173273+00:00
638,"rivers, waterways",noun,2026-08-28T15:27:38.173273+00:00
639,"constellation, star sign",noun,2026-08-28T15:27:38.173273+00:00
640,"festival, celebration, matsuri",noun,2026-08-28T15:27:38.173273+00:00
641,"breathing, respiration",noun,2026-08-28T15:27:38.173273+00:00
642,celebrity,noun,2026-08-28T15:27:38.173273+00:00
643,"to change (transitive), alter",verb,2026-08-28T15:27:38.173273+00:00
644,"concise, brief",adjective,2026-08-28T15:27:38.173273+00:00
645,day trip,noun,2026-08-28T15:27:38.173273+00:00
646,"fun, enjoyable, pleasant",adjective,2026-08-28T15:27:38.173273+00:00
647,"to learn (from a teacher), to take lessons in",verb,2026-08-28T15:27:38.173273+00:00
648,"confusion, disorder",noun,2026-08-28T15:27:38.173273+00:00
649,opposition party,noun,2026-08-28T15:27:38.173273+00:00
650,"below, less than, as follows",noun,2026-08-28T15:27:38.173273+00:00
651,"to lose, to be defeated, to succumb",verb,2026-08-28T15:27:38.173273+00:00
652,"tv program, radio program",noun,2026-08-28T15:27:38.173273+00:00
653,"to chase, to pursue, to follow",verb,2026-08-28T15:27:38.173273+00:00
654,coffee,noun,2026-08-28T15:27:38.173273+00:00
655,"tall, high, expensive, loud",adjective,2026-08-28T15:27:38.173273+00:00
656,"to climb, to ascend, to go up",verb,2026-08-28T15:27:38.173273+00:00
657,"word, language, expression, speech",noun,2026-08-28T15:27:38.173273+00:00
658,"benefactor, person one is indebted to",noun,2026-08-28T15:27:38.173273+00:00
659,"light (not heavy), easy, casual",adjective,2026-08-28T15:27:38.173273+00:00
660,"train, electric train, commuter train",noun,2026-08-28T15:27:38.173273+00:00
661,goldfish,noun,2026-08-28T15:27:38.173273+00:00
662,"table, chart, list",noun,2026-08-28T15:27:38.173273+00:00
663,coal,noun,2026-08-28T15:27:38.173273+00:00
664,"to save (money), accumulate, store up",verb,2026-08-28T15:27:38.173273+00:00
665,checkout / payment,noun,2026-08-28T15:27:38.173273+00:00
666,"range, scope, extent",noun,2026-08-28T15:27:38.173273+00:00
667,brown (color),noun,2026-08-28T15:27:38.173273+00:00
668,"common, shared, mutual",noun,2026-08-28T15:27:38.173273+00:00
669,index,noun,2026-08-28T15:27:38.173273+00:00
670,to grant,noun,2026-08-28T15:27:38.173273+00:00
671,chicken (meat),noun,2026-08-28T15:27:38.173273+00:00
672,check-in,noun,2026-08-28T15:27:38.173273+00:00
673,new arrival,noun,2026-08-28T15:27:38.173273+00:00
674,today,noun,2026-08-28T15:27:38.173273+00:00
675,"direction, orientation",noun,2026-08-28T15:27:38.173273+00:00
676,"company, firm, corporation",noun,2026-08-28T15:27:38.173273+00:00
677,"to get used to, to become accustomed to",verb,2026-08-28T15:27:38.173273+00:00
678,"weak point, weakness, vulnerability",noun,2026-08-28T15:27:38.173273+00:00
679,younger sister (plain/humble),noun,2026-08-28T15:27:38.173273+00:00
680,skin (of the body),noun,2026-08-28T15:27:38.173273+00:00
681,frozen food,noun,2026-08-28T15:27:38.173273+00:00
682,"accurate, precise",adjective,2026-08-28T15:27:38.173273+00:00
683,"to hold, to have, to carry",verb,2026-08-28T15:27:38.173273+00:00
684,overview,noun,2026-08-28T15:27:38.173273+00:00
685,"to throw, to toss, to pitch",verb,2026-08-28T15:27:38.173273+00:00
686,"many, numerous, a lot",adjective,2026-08-28T15:27:38.173273+00:00
687,"kyushu, the southernmost of japan's four main islands",noun,2026-08-28T15:27:38.173273+00:00
688,breast milk,noun,2026-08-28T15:27:38.173273+00:00
689,block (subdivision of a district in japanese addresses),noun,2026-08-28T15:27:38.173273+00:00
690,"voice, sound (of a person or animal)",noun,2026-08-28T15:27:38.173273+00:00
691,"name (of a person, thing, place)",noun,2026-08-28T15:27:38.173273+00:00
692,"big, large, great",adjective,2026-08-28T15:27:38.173273+00:00
693,impression,noun,2026-08-28T15:27:38.173273+00:00
694,"address, residence",noun,2026-08-28T15:27:38.173273+00:00
695,"to make, to create, to produce",verb,2026-08-28T15:27:38.173273+00:00
696,fish,noun,2026-08-28T15:27:38.173273+00:00
697,"to head toward, to go toward",verb,2026-08-28T15:27:38.173273+00:00
698,"to point to, to indicate, to refer to",verb,2026-08-28T15:27:38.173273+00:00
699,"to be in disorder, to be disturbed",verb,2026-08-28T15:27:38.173273+00:00
700,"to investigate, to look up, to examine, to check",verb,2026-08-28T15:27:38.173273+00:00
701,"to close, to be shut (intransitive)",verb,2026-08-28T15:27:38.173273+00:00
702,"voting, ballot, poll",noun,2026-08-28T15:27:38.173273+00:00
703,"travel, trip, journey",noun,2026-08-28T15:27:38.173273+00:00
704,"political views, political opinions",noun,2026-08-28T15:27:38.173273+00:00
705,"number one, first",noun,2026-08-28T15:27:38.173273+00:00
706,"wide, spacious, broad",adjective,2026-08-28T15:27:38.173273+00:00
707,"public release, making public",noun,2026-08-28T15:27:38.173273+00:00
708,sale,noun,2026-08-28T15:27:38.173273+00:00
709,"to be, to exist (for animate objects)",verb,2026-08-28T15:27:38.173273+00:00
710,"archipelago, group of islands",noun,2026-08-28T15:27:38.173273+00:00
711,"knowledge, information, learning",noun,2026-08-28T15:27:38.173273+00:00
712,vacant room,noun,2026-08-28T15:27:38.173273+00:00
713,"use, application",noun,2026-08-28T15:27:38.173273+00:00
714,after school,noun,2026-08-28T15:27:38.173273+00:00
715,"result, outcome, consequence",noun,2026-08-28T15:27:38.173273+00:00
716,point,noun,2026-08-28T15:27:38.173273+00:00
717,experience,noun,2026-08-28T15:27:38.173273+00:00
718,season,noun,2026-08-28T15:27:38.173273+00:00
719,weather,noun,2026-08-28T15:27:38.173273+00:00
720,store,noun,2026-08-28T15:27:38.173273+00:00
721,husband (one's own),noun,2026-08-28T15:27:38.173273+00:00
722,"to extend, to be prolonged",verb,2026-08-28T15:27:38.173273+00:00
723,"to line up, to stand in a row",verb,2026-08-28T15:27:38.173273+00:00
724,"to bathe in, shower, be exposed to",verb,2026-08-28T15:27:38.173273+00:00
725,"shop, store, restaurant",noun,2026-08-28T15:27:38.173273+00:00
726,"daytime, during the day",noun,2026-08-28T15:27:38.173273+00:00
727,"class, classroom (in school)",noun,2026-08-28T15:27:38.173273+00:00
728,"both parents, parents (father and mother)",noun,2026-08-28T15:27:38.173273+00:00
729,"work of art, creation, piece",noun,2026-08-28T15:27:38.173273+00:00
730,"subway, underground train, metro",noun,2026-08-28T15:27:38.173273+00:00
731,"unhappiness, misfortune",noun,2026-08-28T15:27:38.173273+00:00
732,all-you-can-drink,noun,2026-08-28T15:27:38.173273+00:00
733,"specialty, expertise, special field",noun,2026-08-28T15:27:38.173273+00:00
734,"city, urban area, metropolis",noun,2026-08-28T15:27:38.173273+00:00
735,"small bird, little bird",noun,2026-08-28T15:27:38.173273+00:00
736,triple (size),noun,2026-08-28T15:27:38.173273+00:00
737,corporation,noun,2026-08-28T15:27:38.173273+00:00
738,pet (animal),noun,2026-08-28T15:27:38.173273+00:00
739,"use, utilization, making use of",noun,2026-08-28T15:27:38.173273+00:00
740,"school principal, headmaster",noun,2026-08-28T15:27:38.173273+00:00
741,small side dish bowl,noun,2026-08-28T15:27:38.173273+00:00
742,"opportunity, chance, occasion",noun,2026-08-28T15:27:38.173273+00:00
743,"expansion, enlargement",noun,2026-08-28T15:27:38.173273+00:00
744,"genius, prodigy, extraordinary talent",noun,2026-08-28T15:27:38.173273+00:00
745,tofu,noun,2026-08-28T15:27:38.173273+00:00
746,frozen,noun,2026-08-28T15:27:38.173273+00:00
747,history,noun,2026-08-28T15:27:38.173273+00:00
748,"company employee, staff member",noun,2026-08-28T15:27:38.173273+00:00
749,"valid, effective, in effect",noun,2026-08-28T15:27:38.173273+00:00
750,"imagination, fancy, supposition",noun,2026-08-28T15:27:38.173273+00:00
751,"mom, mother (polite/familiar form)",noun,2026-08-28T15:27:38.173273+00:00
752,"progress, advance, development, improvement",noun,2026-08-28T15:27:38.173273+00:00
753,wild bird,noun,2026-08-28T15:27:38.173273+00:00
754,"izakaya, japanese pub, bar/tavern",noun,2026-08-28T15:27:38.173273+00:00
755,"opinion, point of view, perspective (formal)",noun,2026-08-28T15:27:38.173273+00:00
756,"to be defeated, lose",verb,2026-08-28T15:27:38.173273+00:00
757,"universe, outer space",noun,2026-08-28T15:27:38.173273+00:00
758,"official, formal",noun,2026-08-28T15:27:38.173273+00:00
759,"calculation, computation, arithmetic",noun,2026-08-28T15:27:38.173273+00:00
760,alcohol,noun,2026-08-28T15:27:38.173273+00:00
761,exclusive floor area,noun,2026-08-28T15:27:38.173273+00:00
762,"to live, to be alive",verb,2026-08-28T15:27:38.173273+00:00
763,"gathering, assembly, meeting point, rendezvous",noun,2026-08-28T15:27:38.173273+00:00
764,"clock, watch",noun,2026-08-28T15:27:38.173273+00:00
765,store staff,noun,2026-08-28T15:27:38.173273+00:00
766,"steep, precipitous",adjective,2026-08-28T15:27:38.173273+00:00
767,"alcohol, sake (polite form)",noun,2026-08-28T15:27:38.173273+00:00
768,"joy, delight, pleasure, happiness",noun,2026-08-28T15:27:38.173273+00:00
769,"uniform (school, work, etc.)",noun,2026-08-28T15:27:38.173273+00:00
770,"railroad, railway",noun,2026-08-28T15:27:38.173273+00:00
771,tokyo (capital of japan),noun,2026-08-28T15:27:38.173273+00:00
772,refugee,noun,2026-08-28T15:27:38.173273+00:00
773,prime minister,noun,2026-08-28T15:27:38.173273+00:00
774,"story, tale, narrative",noun,2026-08-28T15:27:38.173273+00:00
775,"practice, training, exercise",noun,2026-08-28T15:27:38.173273+00:00
776,"evaluation, assessment",noun,2026-08-28T15:27:38.173273+00:00
777,workplace,noun,2026-08-28T15:27:38.173273+00:00
778,"to listen, to hear, to ask",verb,2026-08-28T15:27:38.173273+00:00
779,ponzu sauce,noun,2026-08-28T15:27:38.173273+00:00
780,spring (season),noun,2026-08-28T15:27:38.173273+00:00
781,"observation, watching",noun,2026-08-28T15:27:38.173273+00:00
782,"factor, main cause",noun,2026-08-28T15:27:38.173273+00:00
783,security,noun,2026-08-28T15:27:38.173273+00:00
784,shochu,noun,2026-08-28T15:27:38.173273+00:00
785,"unskilled, poor at, clumsy",adjective,2026-08-28T15:27:38.173273+00:00
786,summer,noun,2026-08-28T15:27:38.173273+00:00
787,friday,noun,2026-08-28T15:27:38.173273+00:00
788,bento box,noun,2026-08-28T15:27:38.173273+00:00
789,"to drop, to lose, to let fall",verb,2026-08-28T15:27:38.173273+00:00
790,lease renewal fee,noun,2026-08-28T15:27:38.173273+00:00
791,next week,noun,2026-08-28T15:27:38.173273+00:00
792,fraudulent use,noun,2026-08-28T15:27:38.173273+00:00
793,rent (for housing),noun,2026-08-28T15:27:38.173273+00:00
794,"average, mean",noun,2026-08-28T15:27:38.173273+00:00
795,"way, method, manner",noun,2026-08-28T15:27:38.173273+00:00
796,yellow (color),noun,2026-08-28T15:27:38.173273+00:00
797,"eyeglasses, spectacles",noun,2026-08-28T15:27:38.173273+00:00
798,"writer, author, novelist",noun,2026-08-28T15:27:38.173273+00:00
799,"to flow, to stream, to run",verb,2026-08-28T15:27:38.173273+00:00
800,"area, district, zone",noun,2026-08-28T15:27:38.173273+00:00
801,"time, hour",noun,2026-08-28T15:27:38.173273+00:00
802,"unexpectedness, surprise",noun,2026-08-28T15:27:38.173273+00:00
803,"house, home",noun,2026-08-28T15:27:38.173273+00:00
804,meat,noun,2026-08-28T15:27:38.173273+00:00
805,"half a year, six months",noun,2026-08-28T15:27:38.173273+00:00
806,"boundary, border",noun,2026-08-28T15:27:38.173273+00:00
807,cashier / register,noun,2026-08-28T15:27:38.173273+00:00
808,pick-up/drop-off service,noun,2026-08-28T15:27:38.173273+00:00
809,to award,noun,2026-08-28T15:27:38.173273+00:00
810,contract,noun,2026-08-28T15:27:38.173273+00:00
811,"to turn, to rotate",verb,2026-08-28T15:27:38.173273+00:00
812,"to begin, to start (something)",verb,2026-08-28T15:27:38.173273+00:00
813,"decision, determination",noun,2026-08-28T15:27:38.173273+00:00
814,"to occur, to happen, to arise",verb,2026-08-28T15:27:38.173273+00:00
815,"dark, dim",adjective,2026-08-28T15:27:38.173273+00:00
816,"breakdown, malfunction",noun,2026-08-28T15:27:38.173273+00:00
817,"clinic, doctor's office",noun,2026-08-28T15:27:38.173273+00:00
818,"to cry, weep",verb,2026-08-28T15:27:38.173273+00:00
819,"activity, action, movement",noun,2026-08-28T15:27:38.173273+00:00
820,"before, previously, formerly, ago",noun,2026-08-28T15:27:38.173273+00:00
821,airplane,noun,2026-08-28T15:27:38.173273+00:00
822,mushroom,noun,2026-08-28T15:27:38.173273+00:00
823,"remainder, rest, leftover",noun,2026-08-28T15:27:38.173273+00:00
824,snow,noun,2026-08-28T15:27:38.173273+00:00
825,"heavy (weight), serious, severe",adjective,2026-08-28T15:27:38.173273+00:00
826,carbonara,noun,2026-08-28T15:27:38.173273+00:00
827,december,noun,2026-08-28T15:27:38.173273+00:00
828,hokkaido (northernmost main island of japan),noun,2026-08-28T15:27:38.173273+00:00
829,tempura,noun,2026-08-28T15:27:38.173273+00:00
830,"announcement, presentation, publication",noun,2026-08-28T15:27:38.173273+00:00
831,minutes on foot from the station,noun,2026-08-28T15:27:38.173273+00:00
832,"suspicion, doubt",noun,2026-08-28T15:27:38.173273+00:00
833,poet,noun,2026-08-28T15:27:38.173273+00:00
834,"row, line, queue",noun,2026-08-28T15:27:38.173273+00:00
835,comment,noun,2026-08-28T15:27:38.173273+00:00
836,"to raise, to bring up",verb,2026-08-28T15:27:38.173273+00:00
837,childbirth,noun,2026-08-28T15:27:38.173273+00:00
838,"to win, to be victorious",verb,2026-08-28T15:27:38.173273+00:00
839,"to omit, save, cut out",verb,2026-08-28T15:27:38.173273+00:00
840,soba noodles,noun,2026-08-28T15:27:38.173273+00:00
841,"charge, responsibility, being in charge of",noun,2026-08-28T15:27:38.173273+00:00
842,tableware,noun,2026-08-28T15:27:38.173273+00:00
843,cupboard,noun,2026-08-28T15:27:38.173273+00:00
844,"era, period, age, epoch",noun,2026-08-28T15:27:38.173273+00:00
845,hospital,noun,2026-08-28T15:27:38.173273+00:00
846,"rudeness, impoliteness; excuse me",noun,2026-08-28T15:27:38.173273+00:00
847,"to raise, lift up, cite, give as an example",verb,2026-08-28T15:27:38.173273+00:00
848,"physical education, p.e.",noun,2026-08-28T15:27:38.173273+00:00
849,"role, part",noun,2026-08-28T15:27:38.173273+00:00
850,"clear weather, sunny, fine weather",noun,2026-08-28T15:27:38.173273+00:00
851,no smoking,noun,2026-08-28T15:27:38.173273+00:00
852,weather forecast,noun,2026-08-28T15:27:38.173273+00:00
853,"plan, project, schedule",noun,2026-08-28T15:27:38.173273+00:00
854,"fast, quick, speedy (refers to speed of movement)",adjective,2026-08-28T15:27:38.173273+00:00
855,"expansion, extension",noun,2026-08-28T15:27:38.173273+00:00
856,"early, too soon",adjective,2026-08-28T15:27:38.173273+00:00
857,blood pressure,noun,2026-08-28T15:27:38.173273+00:00
858,"tonight, this evening",noun,2026-08-28T15:27:38.173273+00:00
859,delivery,noun,2026-08-28T15:27:38.173273+00:00
860,art museum,noun,2026-08-28T15:27:38.173273+00:00
861,"answer, solution, response",noun,2026-08-28T15:27:38.173273+00:00
862,"blue, green (for traffic lights, plants)",adjective,2026-08-28T15:27:38.173273+00:00
863,detergent,noun,2026-08-28T15:27:38.173273+00:00
864,"low tide, ebb tide",noun,2026-08-28T15:27:38.173273+00:00
865,"safety, security",noun,2026-08-28T15:27:38.173273+00:00
866,hair styling product,noun,2026-08-28T15:27:38.173273+00:00
867,"fat, thick, broad",adjective,2026-08-28T15:27:38.173273+00:00
868,inn,noun,2026-08-28T15:27:38.173273+00:00
869,"business, sales, operation",noun,2026-08-28T15:27:38.173273+00:00
870,"oneself, myself, yourself",noun,2026-08-28T15:27:38.173273+00:00
871,housing,noun,2026-08-28T15:27:38.173273+00:00
872,"happiness, bliss, good fortune",noun,2026-08-28T15:27:38.173273+00:00
873,"to perform, to act",verb,2026-08-28T15:27:38.173273+00:00
874,"sightseeing, watching, spectacle",noun,2026-08-28T15:27:38.173273+00:00
875,pot,noun,2026-08-28T15:27:38.173273+00:00
876,"unit, credit (academic)",noun,2026-08-28T15:27:38.173273+00:00
877,"needle, pin",noun,2026-08-28T15:27:38.173273+00:00
878,beef bowl,noun,2026-08-28T15:27:38.173273+00:00
879,"zoo, zoological garden",noun,2026-08-28T15:27:38.173273+00:00
880,rental,noun,2026-08-28T15:27:38.173273+00:00
881,september,noun,2026-08-28T15:27:38.173273+00:00
882,"taste, flavor",noun,2026-08-28T15:27:38.173273+00:00
883,chemistry (science),noun,2026-08-28T15:27:38.173273+00:00
884,"ruling party, governing party",noun,2026-08-28T15:27:38.173273+00:00
885,"instructions, directions, indication",noun,2026-08-28T15:27:38.173273+00:00
886,photocopy,noun,2026-08-28T15:27:38.173273+00:00
887,bag,noun,2026-08-28T15:27:38.173273+00:00
888,"to show, to display, to present",verb,2026-08-28T15:27:38.173273+00:00
889,"extension, prolongation",noun,2026-08-28T15:27:38.173273+00:00
890,"homework, assignment",noun,2026-08-28T15:27:38.173273+00:00
891,science (as a school subject),noun,2026-08-28T15:27:38.173273+00:00
892,"to wish, request, hope, pray",verb,2026-08-28T15:27:38.173273+00:00
893,"equality, evenness",noun,2026-08-28T15:27:38.173273+00:00
894,"position, location, place",noun,2026-08-28T15:27:38.173273+00:00
895,current location,noun,2026-08-28T15:27:38.173273+00:00
896,older sister (plain/humble),noun,2026-08-28T15:27:38.173273+00:00
897,"nature, the natural world, naturally",noun,2026-08-28T15:27:38.173273+00:00
898,coupon,noun,2026-08-28T15:27:38.173273+00:00
899,warranty,noun,2026-08-28T15:27:38.173273+00:00
900,march,noun,2026-08-28T15:27:38.173273+00:00
901,"to leave behind, save, set aside",verb,2026-08-28T15:27:38.173273+00:00
902,"construction work, engineering work",noun,2026-08-28T15:27:38.173273+00:00
903,individual,noun,2026-08-28T15:27:38.173273+00:00
904,battery,noun,2026-08-28T15:27:38.173273+00:00
905,"to shine (sun, moon)",verb,2026-08-28T15:27:38.173273+00:00
906,draft,noun,2026-08-28T15:27:38.173273+00:00
907,ashtray,noun,2026-08-28T15:27:38.173273+00:00
908,"to fold, break, bend",verb,2026-08-28T15:27:38.173273+00:00
909,"action, conduct",noun,2026-08-28T15:27:38.173273+00:00
910,"cherry blossom, cherry tree",noun,2026-08-28T15:27:38.173273+00:00
911,"contact, communication, liaison",noun,2026-08-28T15:27:38.173273+00:00
912,"bullet train, shinkansen",noun,2026-08-28T15:27:38.173273+00:00
913,"to move, to shift",verb,2026-08-28T15:27:38.173273+00:00
914,boy,noun,2026-08-28T15:27:38.173273+00:00
915,"western-style clothes, clothes (general)",noun,2026-08-28T15:27:38.173273+00:00
916,newly built,noun,2026-08-28T15:27:38.173273+00:00
917,via,noun,2026-08-28T15:27:38.173273+00:00
918,haircut,noun,2026-08-28T15:27:38.173273+00:00
919,"autumn equinox, autumnal equinox",noun,2026-08-28T15:27:38.173273+00:00
920,definition,noun,2026-08-28T15:27:38.173273+00:00
921,shirt,noun,2026-08-28T15:27:38.173273+00:00
922,cost,noun,2026-08-28T15:27:38.173273+00:00
923,"noon, daytime, midday",noun,2026-08-28T15:27:38.173273+00:00
924,"to continue (transitive), keep doing",verb,2026-08-28T15:27:38.173273+00:00
925,hiring,noun,2026-08-28T15:27:38.173273+00:00
926,delay,noun,2026-08-28T15:27:38.173273+00:00
927,"factory, plant, workshop",noun,2026-08-28T15:27:38.173273+00:00
928,"office, place of business",noun,2026-08-28T15:27:38.173273+00:00
929,"to compete, dispute, fight over",verb,2026-08-28T15:27:38.173273+00:00
930,"traffic, transportation",noun,2026-08-28T15:27:38.173273+00:00
931,mattress,noun,2026-08-28T15:27:38.173273+00:00
932,"removal, elimination",noun,2026-08-28T15:27:38.173273+00:00
933,cotton,noun,2026-08-28T15:27:38.173273+00:00
934,bill / check,noun,2026-08-28T15:27:38.173273+00:00
935,"park, public garden",noun,2026-08-28T15:27:38.173273+00:00
936,real estate property,noun,2026-08-28T15:27:38.173273+00:00
937,"class, group, team, set",noun,2026-08-28T15:27:38.173273+00:00
938,"reflection, self-examination",noun,2026-08-28T15:27:38.173273+00:00
939,"country, nation",noun,2026-08-28T15:27:38.173273+00:00
940,all rooms,noun,2026-08-28T15:27:38.173273+00:00
941,"passing through, transit",noun,2026-08-28T15:27:38.173273+00:00
942,"various, all kinds, many different",noun,2026-08-28T15:27:38.173273+00:00
943,"within, not exceeding, no more than",noun,2026-08-28T15:27:38.173273+00:00
944,"buying and selling, trade, transaction",noun,2026-08-28T15:27:38.173273+00:00
945,"recently, lately, these days",noun,2026-08-28T15:27:38.173273+00:00
946,"to project, to reflect",verb,2026-08-28T15:27:38.173273+00:00
947,newborn baby,noun,2026-08-28T15:27:38.173273+00:00
948,balance (account),noun,2026-08-28T15:27:38.173273+00:00
949,"to be saved, to be rescued",verb,2026-08-28T15:27:38.173273+00:00
950,"to stick, be attached, be lit",verb,2026-08-28T15:27:38.173273+00:00
951,white,adjective,2026-08-28T15:27:38.173273+00:00
952,"to reach, achieve, attain, amount to",verb,2026-08-28T15:27:38.173273+00:00
953,"rest, break, repose",noun,2026-08-28T15:27:38.173273+00:00
954,single item,noun,2026-08-28T15:27:38.173273+00:00
955,save,noun,2026-08-28T15:27:38.173273+00:00
956,"difficult, hard",adjective,2026-08-28T15:27:38.173273+00:00
957,"short (length, time)",adjective,2026-08-28T15:27:38.173273+00:00
958,three people,noun,2026-08-28T15:27:38.173273+00:00
959,"to take out, to put out",verb,2026-08-28T15:27:38.173273+00:00
960,"far, distant",adjective,2026-08-28T15:27:38.173273+00:00
961,plan,noun,2026-08-28T15:27:38.173273+00:00
962,january,noun,2026-08-28T15:27:38.173273+00:00
963,"burden, load, responsibility, share of cost",noun,2026-08-28T15:27:38.173273+00:00
964,"research, study, investigation",noun,2026-08-28T15:27:38.173273+00:00
965,"beautiful, lovely, pretty",adjective,2026-08-28T15:27:38.173273+00:00
966,broker's commission,noun,2026-08-28T15:27:38.173273+00:00
967,"price, cost",noun,2026-08-28T15:27:38.173273+00:00
968,"we, us",noun,2026-08-28T15:27:38.173273+00:00
969,soup,noun,2026-08-28T15:27:38.173273+00:00
970,garlic,noun,2026-08-28T15:27:38.173273+00:00
971,what,noun,2026-08-28T15:27:38.173273+00:00
972,north,noun,2026-08-28T15:27:38.173273+00:00
973,repair,noun,2026-08-28T15:27:38.173273+00:00
974,"corner, angle",noun,2026-08-28T15:27:38.173273+00:00
975,"discovery, finding",noun,2026-08-28T15:27:38.173273+00:00
976,profile,noun,2026-08-28T15:27:38.173273+00:00
977,"to cry, to chirp, to bark, to sing (animals/birds)",verb,2026-08-28T15:27:38.173273+00:00
978,"product, merchandise, goods",noun,2026-08-28T15:27:38.173273+00:00
979,student (mainly university level),noun,2026-08-28T15:27:38.173273+00:00
980,"to run along, to follow (a road or river)",verb,2026-08-28T15:27:38.173273+00:00
981,arrival,noun,2026-08-28T15:27:38.173273+00:00
982,notification,noun,2026-08-28T15:27:38.173273+00:00
983,"to divide, to split",verb,2026-08-28T15:27:38.173273+00:00
984,"farmhouse, farming family, farmer",noun,2026-08-28T15:27:38.173273+00:00
985,"warm (temperature), warm-hearted",adjective,2026-08-28T15:27:38.173273+00:00
986,"the other side, over there",noun,2026-08-28T15:27:38.173273+00:00
987,secondhand,noun,2026-08-28T15:27:38.173273+00:00
988,"to play, to have fun, to enjoy oneself",verb,2026-08-28T15:27:38.173273+00:00
989,"economy, economics",noun,2026-08-28T15:27:38.173273+00:00
990,points / rewards,noun,2026-08-28T15:27:38.173273+00:00
991,"to see, to look, to watch, to view, to observe, to examine, to assess",verb,2026-08-28T15:27:38.173273+00:00
992,purpose,noun,2026-08-28T15:27:38.173273+00:00
993,"to come, to arrive",verb,2026-08-28T15:27:38.173273+00:00
994,"to be sufficient, to be enough",verb,2026-08-28T15:27:38.173273+00:00
995,floor plan,noun,2026-08-28T15:27:38.173273+00:00
996,"thanks, gratitude",noun,2026-08-28T15:27:38.173273+00:00
997,"paper, sheet of paper",noun,2026-08-28T15:27:38.173273+00:00
998,"grand shrine, imperial shrine",noun,2026-08-28T15:27:38.173273+00:00
999,"excellent, outstanding",adjective,2026-08-28T15:27:38.173273+00:00
1000,"assumption, hypothesis",noun,2026-08-28T15:27:38.173273+00:00
1001,"trade, commerce",noun,2026-08-28T15:27:38.173273+00:00
1002,"exile, defection",noun,2026-08-28T15:27:38.173273+00:00
1003,"to drink, to swallow",verb,2026-08-28T15:27:38.173273+00:00
1004,"representative, spokesperson",noun,2026-08-28T15:27:38.173273+00:00
1005,"confirmation, verification",noun,2026-08-28T15:27:38.173273+00:00
1006,folding,noun,2026-08-28T15:27:38.173273+00:00
1007,different color variant,noun,2026-08-28T15:27:38.173273+00:00
1008,left side,noun,2026-08-28T15:27:38.173273+00:00
1009,last train,noun,2026-08-28T15:27:38.173273+00:00
1010,august,noun,2026-08-28T15:27:38.173273+00:00
1011,kotatsu (heated table),noun,2026-08-28T15:27:38.173273+00:00
1012,formal wear,noun,2026-08-28T15:27:38.173273+00:00
1013,next year,noun,2026-08-28T15:27:38.173273+00:00
1014,"answer, reply, response",noun,2026-08-28T15:27:38.173273+00:00
1015,"broadcast, broadcasting (tv/radio)",noun,2026-08-28T15:27:38.173273+00:00
1016,"training, drill, practice",noun,2026-08-28T15:27:38.173273+00:00
1017,"neck, head (of an organization)",noun,2026-08-28T15:27:38.173273+00:00
1018,"limit, boundary",noun,2026-08-28T15:27:38.173273+00:00
1019,"musical performance, playing",noun,2026-08-28T15:27:38.173273+00:00
1020,"honest, frank, truthful",adjective,2026-08-28T15:27:38.173273+00:00
1021,"to teach, to instruct",verb,2026-08-28T15:27:38.173273+00:00
1022,"to say, to speak, to tell",verb,2026-08-28T15:27:38.173273+00:00
1023,"every year, annually",noun,2026-08-28T15:27:38.173273+00:00
1024,viewing,noun,2026-08-28T15:27:38.173273+00:00
1025,"elementary school, primary school",noun,2026-08-28T15:27:38.173273+00:00
1026,ring (for a finger),noun,2026-08-28T15:27:38.173273+00:00
1027,"memory, recollection, reminiscence",noun,2026-08-28T15:27:38.173273+00:00
1028,"parallel, concurrent",noun,2026-08-28T15:27:38.173273+00:00
1029,"to think, to consider, to ponder",verb,2026-08-28T15:27:38.173273+00:00
1030,"guest, visitor",noun,2026-08-28T15:27:38.173273+00:00
1031,sushi,noun,2026-08-28T15:27:38.173273+00:00
1032,"every month, monthly",noun,2026-08-28T15:27:38.173273+00:00
1033,"to fix, to repair, to correct",verb,2026-08-28T15:27:38.173273+00:00
1034,preparation,noun,2026-08-28T15:27:38.173273+00:00
1035,"autumn, fall",noun,2026-08-28T15:27:38.173273+00:00
1036,"regret, remorse",noun,2026-08-28T15:27:38.173273+00:00
1037,campaign,noun,2026-08-28T15:27:38.173273+00:00
1038,airport,noun,2026-08-28T15:27:38.173273+00:00
1039,arrow,noun,2026-08-28T15:27:38.173273+00:00
1040,chair,noun,2026-08-28T15:27:38.173273+00:00
1041,"overseas, abroad, foreign countries",noun,2026-08-28T15:27:38.173273+00:00
1042,"savings, money saved",noun,2026-08-28T15:27:38.173273+00:00
1043,"exchange (of people, ideas), interaction, fellowship",noun,2026-08-28T15:27:38.173273+00:00
1044,display item,noun,2026-08-28T15:27:38.173273+00:00
1045,"permit, license",noun,2026-08-28T15:27:38.173273+00:00
1046,"round trip, going and returning",noun,2026-08-28T15:27:38.173273+00:00
1047,eating and drinking,noun,2026-08-28T15:27:38.173273+00:00
1048,"to receive, to accept",verb,2026-08-28T15:27:38.173273+00:00
1049,"ruins, historic site",noun,2026-08-28T15:27:38.173273+00:00
1050,"west, western direction",noun,2026-08-28T15:27:38.173273+00:00
1051,"oil, petroleum, kerosene",noun,2026-08-28T15:27:38.173273+00:00
1052,storage container,noun,2026-08-28T15:27:38.173273+00:00
1053,this morning,noun,2026-08-28T15:27:38.173273+00:00
1054,settings,noun,2026-08-28T15:27:38.173273+00:00
1055,lunch,noun,2026-08-28T15:27:38.173273+00:00
1056,"to doubt, to suspect",verb,2026-08-28T15:27:38.173273+00:00
1057,"commemoration, memory",noun,2026-08-28T15:27:38.173273+00:00
1058,"to limit, to restrict",verb,2026-08-28T15:27:38.173273+00:00
1059,"painful, difficult, hard (physically/emotionally)",adjective,2026-08-28T15:27:38.173273+00:00
1060,"region, area, district",noun,2026-08-28T15:27:38.173273+00:00
1061,to measure (weight/volume),verb,2026-08-28T15:27:38.173273+00:00
1062,"exercise, physical activity",noun,2026-08-28T15:27:38.173273+00:00
1063,this month,noun,2026-08-28T15:27:38.173273+00:00
1064,"classical literature, classic",noun,2026-08-28T15:27:38.173273+00:00
1065,dessert,noun,2026-08-28T15:27:38.173273+00:00
1066,"incident, case",noun,2026-08-28T15:27:38.173273+00:00
1067,"danger, hazard, peril",adjective,2026-08-28T15:27:38.173273+00:00
1068,"upright, manly, gallant",adjective,2026-08-28T15:27:38.173273+00:00
1069,guarantor company,noun,2026-08-28T15:27:38.173273+00:00
1070,this year,noun,2026-08-28T15:27:38.173273+00:00
1071,sisters,noun,2026-08-28T15:27:38.173273+00:00
1072,"absorption, assimilation",noun,2026-08-28T15:27:38.173273+00:00
1073,cardigan,noun,2026-08-28T15:27:38.173273+00:00
1074,"to return, to give back, to send back",verb,2026-08-28T15:27:38.173273+00:00
1075,"to wait, to wait for",verb,2026-08-28T15:27:38.173273+00:00
1076,"to build, construct, erect",verb,2026-08-28T15:27:38.173273+00:00
1077,"ethnic group, people, race, nation",noun,2026-08-28T15:27:38.173273+00:00
1078,bookshelf,noun,2026-08-28T15:27:38.173273+00:00
1079,"aid, assistance",noun,2026-08-28T15:27:38.173273+00:00
1080,"photograph, photo",noun,2026-08-28T15:27:38.173273+00:00
1081,"wages, salary, pay",noun,2026-08-28T15:27:38.173273+00:00
1082,prefecture (administrative division in japan),noun,2026-08-28T15:27:38.173273+00:00
1083,laundry,noun,2026-08-28T15:27:38.173273+00:00
1084,guest,noun,2026-08-28T15:27:38.173273+00:00
1085,cashback,noun,2026-08-28T15:27:38.173273+00:00
1086,"to send, to deliver, to transmit",verb,2026-08-28T15:27:38.173273+00:00
1087,"field (for growing crops), farm, vegetable garden",noun,2026-08-28T15:27:38.173273+00:00
1088,"flute, whistle, pipe (wind instrument)",noun,2026-08-28T15:27:38.173273+00:00
1089,wide-ranging,adjective,2026-08-28T15:27:38.173273+00:00
1090,to open (something),verb,2026-08-28T15:27:38.173273+00:00
1091,source,noun,2026-08-28T15:27:38.173273+00:00
1092,"present situation, current state",noun,2026-08-28T15:27:38.173273+00:00
1093,cabinet minister,noun,2026-08-28T15:27:38.173273+00:00
1094,"coast, shore",noun,2026-08-28T15:27:38.173273+00:00
1095,"every day, daily",noun,2026-08-28T15:27:38.173273+00:00
1096,"you (familiar, mainly used by males or among friends)",noun,2026-08-28T15:27:38.173273+00:00
1097,"sales floor, counter, sales section",noun,2026-08-28T15:27:38.173273+00:00
1098,charge,noun,2026-08-28T15:27:38.173273+00:00
1099,change,noun,2026-08-28T15:27:38.173273+00:00
1100,"word, vocabulary item",noun,2026-08-28T15:27:38.173273+00:00
1101,cabinet (government),noun,2026-08-28T15:27:38.173273+00:00
1102,innerwear,noun,2026-08-28T15:27:38.173273+00:00
1103,"front, lead, top, vanguard",noun,2026-08-28T15:27:38.173273+00:00
1104,red,adjective,2026-08-28T15:27:38.173273+00:00
1105,"indoors, interior, inside a room",noun,2026-08-28T15:27:38.173273+00:00
1106,"old-fashioned, obsolete",adjective,2026-08-28T15:27:38.173273+00:00
1107,"steamship, steamboat",noun,2026-08-28T15:27:38.173273+00:00
1108,"illness, sickness, disease",noun,2026-08-28T15:27:38.173273+00:00
1109,cleaning,noun,2026-08-28T15:27:38.173273+00:00
1110,parking lot,noun,2026-08-28T15:27:38.173273+00:00
1111,"to spend, use up, expend, consume",verb,2026-08-28T15:27:38.173273+00:00
1112,"to hit, to strike (something)",verb,2026-08-28T15:27:38.173273+00:00
1113,"vigilance, caution",noun,2026-08-28T15:27:38.173273+00:00
1114,"to leave, to go away",verb,2026-08-28T15:27:38.173273+00:00
1115,"inheritance, legacy",noun,2026-08-28T15:27:38.173273+00:00
1116,"to fight, battle, compete",verb,2026-08-28T15:27:38.173273+00:00
1117,"important, precious, valued",adjective,2026-08-28T15:27:38.173273+00:00
1118,exclusive use,noun,2026-08-28T15:27:38.173273+00:00
1119,"to reform, correct, renew, reconsider",verb,2026-08-28T15:27:38.173273+00:00
1120,"talent, ability, gift, aptitude",noun,2026-08-28T15:27:38.173273+00:00
1121,april,noun,2026-08-28T15:27:38.173273+00:00
1122,"operation, management",noun,2026-08-28T15:27:38.173273+00:00
1123,drink / beverage,noun,2026-08-28T15:27:38.173273+00:00
1124,"barley tea (a cold, roasted barley drink popular in japan)",noun,2026-08-28T15:27:38.173273+00:00
1125,fountain pen,noun,2026-08-28T15:27:38.173273+00:00
1126,"to arrive, to reach (a destination)",verb,2026-08-28T15:27:38.173273+00:00
1127,point of departure,noun,2026-08-28T15:27:38.173273+00:00
1128,search,noun,2026-08-28T15:27:38.173273+00:00
1129,last month,noun,2026-08-28T15:27:38.173273+00:00
1130,"to help, to rescue",verb,2026-08-28T15:27:38.173273+00:00
1131,"international, global",noun,2026-08-28T15:27:38.173273+00:00
1132,part,noun,2026-08-28T15:27:38.173273+00:00
1133,"possible, potential",adjective,2026-08-28T15:27:38.173273+00:00
1134,"cooperation, joint, collaboration",noun,2026-08-28T15:27:38.173273+00:00
1135,"scholar, academic, learned person",noun,2026-08-28T15:27:38.173273+00:00
1136,"to decide, to determine, to fix upon",verb,2026-08-28T15:27:38.173273+00:00
1137,member (of a club or organization),noun,2026-08-28T15:27:38.173273+00:00
1138,"to expand, to enlarge",verb,2026-08-28T15:27:38.173273+00:00
1139,"idea, thought, thinking, opinion",noun,2026-08-28T15:27:38.173273+00:00
1140,to accumulate,verb,2026-08-28T15:27:38.173273+00:00
1141,"problem, question, issue",noun,2026-08-28T15:27:38.173273+00:00
1142,"warning, alert",noun,2026-08-28T15:27:38.173273+00:00
1143,"deep, profound",adjective,2026-08-28T15:27:38.173273+00:00
1144,bank account,noun,2026-08-28T15:27:38.173273+00:00
1145,"stock, shares",noun,2026-08-28T15:27:38.173273+00:00
1146,"sufficient, enough, adequate",adjective,2026-08-28T15:27:38.173273+00:00
1147,"to convey, tell, pass on, report",verb,2026-08-28T15:27:38.173273+00:00
1148,"to stop, to halt, to come to a stop (intransitive)",verb,2026-08-28T15:27:38.173273+00:00
1149,breakfast,noun,2026-08-28T15:27:38.173273+00:00
1150,"innovation, reform",noun,2026-08-28T15:27:38.173273+00:00
1151,"lodging, overnight stay",noun,2026-08-28T15:27:38.173273+00:00
1152,blanket,noun,2026-08-28T15:27:38.173273+00:00
1153,winter,noun,2026-08-28T15:27:38.173273+00:00
1154,"to fly, jump, leap",verb,2026-08-28T15:27:38.173273+00:00
1155,museum,noun,2026-08-28T15:27:38.173273+00:00
1156,post office,noun,2026-08-28T15:27:38.173273+00:00
1157,"winter vacation, winter holidays",noun,2026-08-28T15:27:38.173273+00:00
1158,vegetables,noun,2026-08-28T15:27:38.173273+00:00
1159,"restriction, limitation",noun,2026-08-28T15:27:38.173273+00:00
1160,"to chant, recite, advocate",verb,2026-08-28T15:27:38.173273+00:00
1161,release,noun,2026-08-28T15:27:38.173273+00:00
1162,"complaint, grumble",noun,2026-08-28T15:27:38.173273+00:00
1163,fully occupied / full,noun,2026-08-28T15:27:38.173273+00:00
1164,"athlete, player, competitor",noun,2026-08-28T15:27:38.173273+00:00
1165,"question, doubt",noun,2026-08-28T15:27:38.173273+00:00
1166,"near, close, short (distance)",adjective,2026-08-28T15:27:38.173273+00:00
1167,"neighborhood, vicinity",noun,2026-08-28T15:27:38.173273+00:00
1168,"second floor, upstairs",noun,2026-08-28T15:27:38.173273+00:00
1169,wine,noun,2026-08-28T15:27:38.173273+00:00
1170,"japanese sword, katana",noun,2026-08-28T15:27:38.173273+00:00
1171,subject (in grammar),noun,2026-08-28T15:27:38.173273+00:00
1172,bread,noun,2026-08-28T15:27:38.173273+00:00
1173,"spring vacation, spring break",noun,2026-08-28T15:27:38.173273+00:00
1174,horse racing,noun,2026-08-28T15:27:38.173273+00:00
1175,detached house,noun,2026-08-28T15:27:38.173273+00:00
1176,"city, municipality",noun,2026-08-28T15:27:38.173273+00:00
1177,"to think, to feel, to consider",verb,2026-08-28T15:27:38.173273+00:00
1178,compatible / support,noun,2026-08-28T15:27:38.173273+00:00
1179,send (mail/signal),noun,2026-08-28T15:27:38.173273+00:00
1180,"east exit, east entrance",noun,2026-08-28T15:27:38.173273+00:00
1181,consecutive holidays,noun,2026-08-28T15:27:38.173273+00:00
1182,interior decor,noun,2026-08-28T15:27:38.173273+00:00
1183,dried goods,noun,2026-08-28T15:27:38.173273+00:00
1184,"permanence, eternity",noun,2026-08-28T15:27:38.173273+00:00
1185,"friend (formal, adult usage)",noun,2026-08-28T15:27:38.173273+00:00
1186,"art, fine arts",noun,2026-08-28T15:27:38.173273+00:00
1187,"certain, reliable",adjective,2026-08-28T15:27:38.173273+00:00
1188,cat,noun,2026-08-28T15:27:38.173273+00:00
1189,"to protect, to defend",verb,2026-08-28T15:27:38.173273+00:00
1190,storage,noun,2026-08-28T15:27:38.173273+00:00
1191,"addition, supplement, appendix",noun,2026-08-28T15:27:38.173273+00:00
1192,"hometown, native place, birthplace",noun,2026-08-28T15:27:38.173273+00:00
1193,"comfortable, pleasant",adjective,2026-08-28T15:27:38.173273+00:00
1194,"failure, mistake, blunder",noun,2026-08-28T15:27:38.173273+00:00
1195,"nutrition, nourishment",noun,2026-08-28T15:27:38.173273+00:00
1196,fried egg,noun,2026-08-28T15:27:38.173273+00:00
1197,graduate school,noun,2026-08-28T15:27:38.173273+00:00
1198,"earth, the globe, the world",noun,2026-08-28T15:27:38.173273+00:00
1199,nurse,noun,2026-08-28T15:27:38.173273+00:00
1200,"western-style food, western cuisine",noun,2026-08-28T15:27:38.173273+00:00
1201,share house,noun,2026-08-28T15:27:38.173273+00:00
1202,to heat up,verb,2026-08-28T15:27:38.173273+00:00
1203,"rock, boulder, crag",noun,2026-08-28T15:27:38.173273+00:00
1204,"to work, labor",verb,2026-08-28T15:27:38.173273+00:00
1205,"telephone, phone, phone call",noun,2026-08-28T15:27:38.173273+00:00
1206,"feeling, mood, sensation",noun,2026-08-28T15:27:38.173273+00:00
1207,"to be reflected, to appear",verb,2026-08-28T15:27:38.173273+00:00
1208,money,noun,2026-08-28T15:27:38.173273+00:00
1209,"to get off, to alight",verb,2026-08-28T15:27:38.173273+00:00
1210,"to distribute, to hand out, to deal (cards)",verb,2026-08-28T15:27:38.173273+00:00
1211,"to stop, to halt, to prevent (transitive)",verb,2026-08-28T15:27:38.173273+00:00
1212,"guardianship, guardian, backing, support",noun,2026-08-28T15:27:38.173273+00:00
1213,"refreshing, exhilarating",adjective,2026-08-28T15:27:38.173273+00:00
1214,"to use, to make use of",verb,2026-08-28T15:27:38.173273+00:00
1215,"every week, weekly",noun,2026-08-28T15:27:38.173273+00:00
1216,"relief, peace of mind",noun,2026-08-28T15:27:38.173273+00:00
1217,"to wake up, to get up, to occur",verb,2026-08-28T15:27:38.173273+00:00
1218,"box, case, container",noun,2026-08-28T15:27:38.173273+00:00
1219,diagnosis,noun,2026-08-28T15:27:38.173273+00:00
1220,share (jointly own),noun,2026-08-28T15:27:38.173273+00:00
1221,bank (financial institution),noun,2026-08-28T15:27:38.173273+00:00
1222,"guideline, policy",noun,2026-08-28T15:27:38.173273+00:00
1223,"above, more than, that's all, no less than",noun,2026-08-28T15:27:38.173273+00:00
1224,"refrigerator, fridge",noun,2026-08-28T15:27:38.173273+00:00
1225,"disparity, gap",noun,2026-08-28T15:27:38.173273+00:00
1226,foreign country,noun,2026-08-28T15:27:38.173273+00:00
1227,"shopping, purchasing",noun,2026-08-28T15:27:38.173273+00:00
1228,roof,noun,2026-08-28T15:27:38.173273+00:00
1229,"father (humble/plain form, used when talking about one's own father)",noun,2026-08-28T15:27:38.173273+00:00
1230,support,noun,2026-08-28T15:27:38.173273+00:00
1231,curry,noun,2026-08-28T15:27:38.173273+00:00
1232,"offer, provision",noun,2026-08-28T15:27:38.173273+00:00
1233,"town, city, street",noun,2026-08-28T15:27:38.173273+00:00
1234,pizza,noun,2026-08-28T15:27:38.173273+00:00
1235,private lodging (airbnb-style stay),noun,2026-08-28T15:27:38.173273+00:00
1236,"field, meadow, open plain",noun,2026-08-28T15:27:38.173273+00:00
1237,"to surround, enclose, encircle",verb,2026-08-28T15:27:38.173273+00:00
1238,"to meet, to see (a person)",verb,2026-08-28T15:27:38.173273+00:00
1239,"beauty salon, hairdresser's",noun,2026-08-28T15:27:38.173273+00:00
1240,"arranging, tidying up, organizing",noun,2026-08-28T15:27:38.173273+00:00
1241,"new, fresh, recent",adjective,2026-08-28T15:27:38.173273+00:00
1242,t-shirt,noun,2026-08-28T15:27:38.173273+00:00
1243,"circumstances, convenience",noun,2026-08-28T15:27:38.173273+00:00
1244,"easy-going, careless",adjective,2026-08-28T15:27:38.173273+00:00
1245,"musical composition, composing music",noun,2026-08-28T15:27:38.173273+00:00
1246,"command, direction",noun,2026-08-28T15:27:38.173273+00:00
1247,bereaved family,noun,2026-08-28T15:27:38.173273+00:00
1248,"language study, linguistics",noun,2026-08-28T15:27:38.173273+00:00
1249,"kindness, kind-heartedness, being kind",noun,2026-08-28T15:27:38.173273+00:00
1250,size,noun,2026-08-28T15:27:38.173273+00:00
1251,"to feel, to sense, to perceive",verb,2026-08-28T15:27:38.173273+00:00
1252,"thin, slender, narrow, fine",adjective,2026-08-28T15:27:38.173273+00:00
1253,"healthy, energetic, lively",adjective,2026-08-28T15:27:38.173273+00:00
1254,"disability, handicap",noun,2026-08-28T15:27:38.173273+00:00
1255,"to wound, to injure",verb,2026-08-28T15:27:38.173273+00:00
1256,family,noun,2026-08-28T15:27:38.173273+00:00
1257,younger brother (plain/humble),noun,2026-08-28T15:27:38.173273+00:00
1258,"outdoors, open air, outside",noun,2026-08-28T15:27:38.173273+00:00
1259,transfer (train),noun,2026-08-28T15:27:38.173273+00:00
1260,instruction manual,noun,2026-08-28T15:27:38.173273+00:00
1261,"simple, easy",adjective,2026-08-28T15:27:38.173273+00:00
1262,space,noun,2026-08-28T15:27:38.173273+00:00
1263,"crisis, emergency",noun,2026-08-28T15:27:38.173273+00:00
1264,"military, armed forces, troops",noun,2026-08-28T15:27:38.173273+00:00
1265,"medical science, medicine (as a field)",noun,2026-08-28T15:27:38.173273+00:00
1266,"cheerful, lively; fine weather, warm weather",noun,2026-08-28T15:27:38.173273+00:00
1267,"the west, western world, occident",noun,2026-08-28T15:27:38.173273+00:00
1268,guesthouse,noun,2026-08-28T15:27:38.173273+00:00
1269,"cooking, cuisine, dish",noun,2026-08-28T15:27:38.173273+00:00
1270,"simultaneous, at the same time, concurrent",noun,2026-08-28T15:27:38.173273+00:00
1271,"to go, to proceed, to head toward",verb,2026-08-28T15:27:38.173273+00:00
1272,automobile,noun,2026-08-28T15:27:38.173273+00:00
1273,"to advance, to progress, to proceed",verb,2026-08-28T15:27:38.173273+00:00
1274,special sale,noun,2026-08-28T15:27:38.173273+00:00
1275,square meters,noun,2026-08-28T15:27:38.173273+00:00
1276,october,noun,2026-08-28T15:27:38.173273+00:00
1277,"student (secondary school), pupil",noun,2026-08-28T15:27:38.173273+00:00
1278,"wool yarn, knitting yarn",noun,2026-08-28T15:27:38.173273+00:00
1279,"new year, new year's holiday",noun,2026-08-28T15:27:38.173273+00:00
1280,body weight,noun,2026-08-28T15:27:38.173273+00:00
1281,"development (of land, software, products)",noun,2026-08-28T15:27:38.173273+00:00
1282,"screening, showing (of a film)",noun,2026-08-28T15:27:38.173273+00:00
1283,"person in charge, official",noun,2026-08-28T15:27:38.173273+00:00
1284,shinto shrine,noun,2026-08-28T15:27:38.173273+00:00
1285,"sea, ocean",noun,2026-08-28T15:27:38.173273+00:00
1286,"to change, alter, transform",verb,2026-08-28T15:27:38.173273+00:00
1287,"pressure, force",noun,2026-08-28T15:27:38.173273+00:00
1288,temperature,noun,2026-08-28T15:27:38.173273+00:00
1289,popularity,noun,2026-08-28T15:27:38.173273+00:00
1290,"side, beside",noun,2026-08-28T15:27:38.173273+00:00
1291,"to go down, to fall, to drop",verb,2026-08-28T15:27:38.173273+00:00
1292,cheese,noun,2026-08-28T15:27:38.173273+00:00
1293,son (one's own),noun,2026-08-28T15:27:38.173273+00:00
1294,"release, liberation",noun,2026-08-28T15:27:38.173273+00:00
1295,beef rice bowl,noun,2026-08-28T15:27:38.173273+00:00
1296,ticket vending machine,noun,2026-08-28T15:27:38.173273+00:00
1297,"route, line (bus/train), course",noun,2026-08-28T15:27:38.173273+00:00
1298,"to begin, to start (intransitive)",verb,2026-08-28T15:27:38.173273+00:00
1299,"to believe, trust",verb,2026-08-28T15:27:38.173273+00:00
1300,living room,noun,2026-08-28T15:27:38.173273+00:00
1301,"task, assignment, issue, challenge",noun,2026-08-28T15:27:38.173273+00:00
1302,"building, structure",noun,2026-08-28T15:27:38.173273+00:00
1303,traffic jam,noun,2026-08-28T15:27:38.173273+00:00
1304,"to rest, to take a break",verb,2026-08-28T15:27:38.173273+00:00
1305,gift,noun,2026-08-28T15:27:38.173273+00:00
1306,"to gather, to assemble, to come together (intransitive)",verb,2026-08-28T15:27:38.173273+00:00
1307,"blackboard, chalkboard",noun,2026-08-28T15:27:38.173273+00:00
1308,"reason, cause, explanation",noun,2026-08-28T15:27:38.173273+00:00
1309,"to be audible, to be heard, to sound",verb,2026-08-28T15:27:38.173273+00:00
1310,"profitable, beneficial",adjective,2026-08-28T15:27:38.173273+00:00
1311,"scale, scope, size",noun,2026-08-28T15:27:38.173273+00:00
1312,"management, administration",noun,2026-08-28T15:27:38.173273+00:00
1313,"loud voice, shout, yell",noun,2026-08-28T15:27:38.173273+00:00
1314,"being moved (emotionally), being touched, being impressed",noun,2026-08-28T15:27:38.173273+00:00
1315,initial costs,noun,2026-08-28T15:27:38.173273+00:00
1316,train (formal/general term),noun,2026-08-28T15:27:38.173273+00:00
1317,"to burn, bake, be roasted, be grilled",verb,2026-08-28T15:27:38.173273+00:00
1318,room,noun,2026-08-28T15:27:38.173273+00:00
1319,"stairs, staircase, steps",noun,2026-08-28T15:27:38.173273+00:00
1320,"meal, dining, eating",noun,2026-08-28T15:27:38.173273+00:00
1321,"happiness, good fortune",adjective,2026-08-28T15:27:38.173273+00:00
1322,reply,noun,2026-08-28T15:27:38.173273+00:00
1323,one person,noun,2026-08-28T15:27:38.173273+00:00
1324,"mother (humble/plain form, used when talking about one's own mother)",noun,2026-08-28T15:27:38.173273+00:00
1325,"to turn off, to erase, to put out",verb,2026-08-28T15:27:38.173273+00:00
1326,onion,noun,2026-08-28T15:27:38.173273+00:00
1327,"violation, infringement",noun,2026-08-28T15:27:38.173273+00:00
1328,"accident, incident",noun,2026-08-28T15:27:38.173273+00:00
1329,atmospheric pressure,noun,2026-08-28T15:27:38.173273+00:00
1330,"to wear, to put on (upper body clothing)",verb,2026-08-28T15:27:38.173273+00:00
1331,shorter (than usual),noun,2026-08-28T15:27:38.173273+00:00
1332,cushion,noun,2026-08-28T15:27:38.173273+00:00
1333,"baggage, luggage",noun,2026-08-28T15:27:38.173273+00:00
1334,"human being, person, mankind",noun,2026-08-28T15:27:38.173273+00:00
1335,"university, college",noun,2026-08-28T15:27:38.173273+00:00
1336,"to fall (rain, snow, hail)",verb,2026-08-28T15:27:38.173273+00:00
1337,"duty, obligation",noun,2026-08-28T15:27:38.173273+00:00
1338,"calligraphy, the art of writing",noun,2026-08-28T15:27:38.173273+00:00
1339,"star, heavenly body",noun,2026-08-28T15:27:38.173273+00:00
1340,"round, circular, spherical",adjective,2026-08-28T15:27:38.173273+00:00
1341,"to wake someone up, to cause, to raise up",verb,2026-08-28T15:27:38.173273+00:00
1342,japan,noun,2026-08-28T15:27:38.173273+00:00
1343,"to ride, to get on",verb,2026-08-28T15:27:38.173273+00:00
1344,"after, later, behind",noun,2026-08-28T15:27:38.173273+00:00
1345,"writing brush, paintbrush",noun,2026-08-28T15:27:38.173273+00:00
1346,"afternoon, pm (after noon)",noun,2026-08-28T15:27:38.173273+00:00
1347,just before,noun,2026-08-28T15:27:38.173273+00:00
1348,peninsula,noun,2026-08-28T15:27:38.173273+00:00
1349,"scenery, landscape, view",noun,2026-08-28T15:27:38.173273+00:00
1350,this week,noun,2026-08-28T15:27:38.173273+00:00
1351,"to choose, select, pick",verb,2026-08-28T15:27:38.173273+00:00
1352,"gate, entrance, school gate",noun,2026-08-28T15:27:38.173273+00:00
1353,"to pick up, to find (and take), to collect",verb,2026-08-28T15:27:38.173273+00:00
1354,science,noun,2026-08-28T15:27:38.173273+00:00
1355,"to fall down, to tumble, to trip",verb,2026-08-28T15:27:38.173273+00:00
1356,library,noun,2026-08-28T15:27:38.173273+00:00
1357,"to write, to compose, to draw",verb,2026-08-28T15:27:38.173273+00:00
1358,"reaction, response",noun,2026-08-28T15:27:38.173273+00:00
1359,pond,noun,2026-08-28T15:27:38.173273+00:00
1360,pasta,noun,2026-08-28T15:27:38.173273+00:00
1361,"food, thing to eat",noun,2026-08-28T15:27:38.173273+00:00
1362,"example, instance, precedent",noun,2026-08-28T15:27:38.173273+00:00
1363,"getting up, rising (from bed)",noun,2026-08-28T15:27:38.173273+00:00
1364,"plateau, highlands, tableland",noun,2026-08-28T15:27:38.173273+00:00
1365,carpet,noun,2026-08-28T15:27:38.173273+00:00
1366,"united states of america, the us",noun,2026-08-28T15:27:38.173273+00:00
1367,"arithmetic, elementary school math",noun,2026-08-28T15:27:38.173273+00:00
1368,apartment,noun,2026-08-28T15:27:38.173273+00:00
1369,"best, highest, maximum, greatest",noun,2026-08-28T15:27:38.173273+00:00
1370,security deposit,noun,2026-08-28T15:27:38.173273+00:00
1371,"summer vacation, summer holidays",noun,2026-08-28T15:27:38.173273+00:00
1372,"preparation for class, advance study",noun,2026-08-28T15:27:38.173273+00:00
1373,building age,noun,2026-08-28T15:27:38.173273+00:00
1374,to swim,verb,2026-08-28T15:27:38.173273+00:00
1375,timetable,noun,2026-08-28T15:27:38.173273+00:00
1376,to scan,verb,2026-08-28T15:27:38.173273+00:00
1377,air temperature,noun,2026-08-28T15:27:38.173273+00:00
1378,"now, present, currently",noun,2026-08-28T15:27:38.173273+00:00
1379,"village, hometown, birthplace, country",noun,2026-08-28T15:27:38.173273+00:00
1380,identity verification,noun,2026-08-28T15:27:38.173273+00:00
1381,"explanation, description, account",noun,2026-08-28T15:27:38.173273+00:00
1382,"showa era (1926-1989), the reign of emperor hirohito",noun,2026-08-28T15:27:38.173273+00:00
1383,viewpoint,noun,2026-08-28T15:27:38.173273+00:00
1384,registration,noun,2026-08-28T15:27:38.173273+00:00
1385,"to continue, last, go on",verb,2026-08-28T15:27:38.173273+00:00
1386,"thanks, gratitude, expression of thanks",noun,2026-08-28T15:27:38.173273+00:00
1387,"to compete, rival",verb,2026-08-28T15:27:38.173273+00:00
1388,"different culture, foreign culture",noun,2026-08-28T15:27:38.173273+00:00
1389,monthly publication,noun,2026-08-28T15:27:38.173273+00:00
1390,"alcohol, sake, japanese rice wine",noun,2026-08-28T15:27:38.173273+00:00
1391,"carbonic acid, carbonation, fizzy/sparkling (water/drink)",noun,2026-08-28T15:27:38.173273+00:00
1392,"reality, actuality",noun,2026-08-28T15:27:38.173273+00:00
1393,kitchen,noun,2026-08-28T15:27:38.173273+00:00
1394,"direct, directly, in person",noun,2026-08-28T15:27:38.173273+00:00
1395,galaxy,noun,2026-08-28T15:27:38.173273+00:00
1396,"device, scheme, ingenuity",noun,2026-08-28T15:27:38.173273+00:00
1397,"market, marketplace (いちば)",noun,2026-08-28T15:27:38.173273+00:00
1398,blood,noun,2026-08-28T15:27:38.173273+00:00
1399,egg,noun,2026-08-28T15:27:38.173273+00:00
1400,"study, studying",noun,2026-08-28T15:27:38.173273+00:00
1401,"pharmacy, drugstore",noun,2026-08-28T15:27:38.173273+00:00
1402,"work, job",noun,2026-08-28T15:27:38.173273+00:00
1403,"fairy tale, children's story",noun,2026-08-28T15:27:38.173273+00:00
1404,"to hope, desire, wish for",verb,2026-08-28T15:27:38.173273+00:00
1405,manga,noun,2026-08-28T15:27:38.173273+00:00
1406,"dinner, evening meal, supper",noun,2026-08-28T15:27:38.173273+00:00
1407,"fee, charge, fare",noun,2026-08-28T15:27:38.173273+00:00
1408,left hand,noun,2026-08-28T15:27:38.173273+00:00
1409,"to open (a door, book, etc.)",verb,2026-08-28T15:27:38.173273+00:00
1410,"to seek, request, demand, desire",verb,2026-08-28T15:27:38.173273+00:00
1411,"wound, injury",noun,2026-08-28T15:27:38.173273+00:00
1412,"to apply, to register, to sign up",verb,2026-08-28T15:27:38.173273+00:00
1413,"animal cry, call, chirp, bark",noun,2026-08-28T15:27:38.173273+00:00
1414,"seashore, coast, beach",noun,2026-08-28T15:27:38.173273+00:00
1415,"to put, place, leave",verb,2026-08-28T15:27:38.173273+00:00
1416,"correct, right, proper",adjective,2026-08-28T15:27:38.173273+00:00
1417,"to scatter, fall (petals), disperse",verb,2026-08-28T15:27:38.173273+00:00
1418,"color, hue",noun,2026-08-28T15:27:38.173273+00:00
1419,playback,noun,2026-08-28T15:27:38.173273+00:00
1420,fruit,noun,2026-08-28T15:27:38.173273+00:00
1421,"to remain, be left over",verb,2026-08-28T15:27:38.173273+00:00
1422,"value, worth",noun,2026-08-28T15:27:38.173273+00:00
1423,"to dry, to air out",verb,2026-08-28T15:27:38.173273+00:00
1424,"siblings, brothers",noun,2026-08-28T15:27:38.173273+00:00
1425,"basics, fundamentals",noun,2026-08-28T15:27:38.173273+00:00
1426,"memorization, learning by heart",noun,2026-08-28T15:27:38.173273+00:00
1427,key money (non-refundable move-in gift),noun,2026-08-28T15:27:38.173273+00:00
1428,"to count, to enumerate",verb,2026-08-28T15:27:38.173273+00:00
1429,"to illuminate, light up, shine on",verb,2026-08-28T15:27:38.173273+00:00
1430,affiliated store,noun,2026-08-28T15:27:38.173273+00:00
1431,"home, household, family (domestic setting)",noun,2026-08-28T15:27:38.173273+00:00
1432,"bankbook, passbook",noun,2026-08-28T15:27:38.173273+00:00
1433,"cold (weather, air temperature)",adjective,2026-08-28T15:27:38.173273+00:00
1434,limited-time,noun,2026-08-28T15:27:38.173273+00:00
1435,"to shine, to glitter, to sparkle",verb,2026-08-28T15:27:38.173273+00:00
1436,"movement, travel",noun,2026-08-28T15:27:38.173273+00:00
1437,"guidance, information, guide, tour",noun,2026-08-28T15:27:38.173273+00:00
1438,"to be glad, rejoice, be delighted",verb,2026-08-28T15:27:38.173273+00:00
1439,"bookstore, bookshop",noun,2026-08-28T15:27:38.173273+00:00
1440,"to live, to reside",verb,2026-08-28T15:27:38.173273+00:00
1441,order,noun,2026-08-28T15:27:38.173273+00:00
1442,shampoo,noun,2026-08-28T15:27:38.173273+00:00
1443,block,noun,2026-08-28T15:27:38.173273+00:00
1444,"plant, vegetation, flora",noun,2026-08-28T15:27:38.173273+00:00
1445,"rule, regulation",noun,2026-08-28T15:27:38.173273+00:00
1446,"marriage, wedding",noun,2026-08-28T15:27:38.173273+00:00
1447,"object, target, subject (of something)",noun,2026-08-28T15:27:38.173273+00:00
1448,"display, demonstration",noun,2026-08-28T15:27:38.173273+00:00
1449,"liquid, fluid",noun,2026-08-28T15:27:38.173273+00:00
1450,"world, the globe",noun,2026-08-28T15:27:38.173273+00:00
1451,"defect, flaw, shortcoming, weakness",noun,2026-08-28T15:27:38.173273+00:00
1452,domestically produced,noun,2026-08-28T15:27:38.173273+00:00
1453,"mail, post",noun,2026-08-28T15:27:38.173273+00:00
1454,tuesday,noun,2026-08-28T15:27:38.173273+00:00
1455,"double, twice as much",noun,2026-08-28T15:27:38.173273+00:00
1456,condominium,noun,2026-08-28T15:27:38.173273+00:00
1457,"freedom, liberty",noun,2026-08-28T15:27:38.173273+00:00
1458,"traffic signal, signal, sign",noun,2026-08-28T15:27:38.173273+00:00
1459,takeout,noun,2026-08-28T15:27:38.173273+00:00
1460,"to spend (time), to pass",verb,2026-08-28T15:27:38.173273+00:00
1461,wheat (as a crop),noun,2026-08-28T15:27:38.173273+00:00
1462,february,noun,2026-08-28T15:27:38.173273+00:00
1463,payment,noun,2026-08-28T15:27:38.173273+00:00
1464,"underground, below ground",noun,2026-08-28T15:27:38.173273+00:00
1465,repaying a favor,noun,2026-08-28T15:27:38.173273+00:00
1466,english language,noun,2026-08-28T15:27:38.173273+00:00
1467,shipping fee,noun,2026-08-28T15:27:38.173273+00:00
1468,"road, way, path, street",noun,2026-08-28T15:27:38.173273+00:00
1469,entrance,noun,2026-08-28T15:27:38.173273+00:00
1470,"hardship, toil, trouble, suffering",noun,2026-08-28T15:27:38.173273+00:00
1471,morning set,noun,2026-08-28T15:27:38.173273+00:00
1472,"speed, velocity, rate",noun,2026-08-28T15:27:38.173273+00:00
1473,usual,noun,2026-08-28T15:27:38.173273+00:00
1474,"permission, approval",noun,2026-08-28T15:27:38.173273+00:00
1475,sunday,noun,2026-08-28T15:27:38.173273+00:00
1476,"east, eastern direction",noun,2026-08-28T15:27:38.173273+00:00
1477,"few, scarce, little",adjective,2026-08-28T15:27:38.173273+00:00
1478,"number of cases, count",noun,2026-08-28T15:27:38.173273+00:00
1479,"opinion, view",noun,2026-08-28T15:27:38.173273+00:00
1480,"personality, character",noun,2026-08-28T15:27:38.173273+00:00
1481,side dish,noun,2026-08-28T15:27:38.173273+00:00
1482,"to save, rescue, relieve",verb,2026-08-28T15:27:38.173273+00:00
1483,"consideration, examination",noun,2026-08-28T15:27:38.173273+00:00
1484,news,noun,2026-08-28T15:27:38.173273+00:00
1485,"together, at the same time",noun,2026-08-28T15:27:38.173273+00:00
1486,pants,noun,2026-08-28T15:27:38.173273+00:00
1487,"various countries, many nations",noun,2026-08-28T15:27:38.173273+00:00
